game,result,game_state
1,1/2-1/2,rnbqkbnr/pppppppp/8/8/8/8/PPPPPPPP/RNBQKBNR w KQkq - 0 1
1,1/2-1/2,rnbqkbnr/pppppppp/8/8/8/5N2/PPPPPPPP/RNBQKB1R b KQkq - 1 1
1,1/2-1/2,rnbqkbnr/pppppp1p/6p1/8/8/5N2/PPPPPPPP/RNBQKB1R w KQkq - 0 2
1,1/2-1/2,rnbqkbnr/pppppp1p/6p1/8/8/5N1P/PPPPPPP1/RNBQKB1R b KQkq - 0 2
1,1/2-1/2,rnbqk1nr/pppppp1p/6pb/8/8/5N1P/PPPPPPP1/RNBQKB1R w KQkq - 1 3
1,1/2-1/2,rnbqk1nr/pppppp1p/6pb/8/7P/5N2/PPPPPPP1/RNBQKB1R b KQkq - 0 3
1,1/2-1/2,rnbqk1nr/pppppp1p/6p1/8/5b1P/5N2/PPPPPPP1/RNBQKB1R w KQkq - 1 4
1,1/2-1/2,rnbqk1nr/pppppp1p/6p1/8/3P1b1P/5N2/PPP1PPP1/RNBQKB1R b KQkq - 0 4
1,1/2-1/2,rnbqk1nr/pppppp1p/3b2p1/8/3P3P/5N2/PPP1PPP1/RNBQKB1R w KQkq - 1 5
1,1/2-1/2,rnbqk1nr/pppppp1p/3b2p1/8/3P3P/P4N2/1PP1PPP1/RNBQKB1R b KQkq - 0 5
1,1/2-1/2,r1bqk1nr/pppppp1p/2nb2p1/8/3P3P/P4N2/1PP1PPP1/RNBQKB1R w KQkq - 1 6
1,1/2-1/2,r1bqk1nr/pppppp1p/2nb2p1/3P4/7P/P4N2/1PP1PPP1/RNBQKB1R b KQkq - 0 6
1,1/2-1/2,r1bqk1nr/pppppp1p/3b2p1/3Pn3/7P/P4N2/1PP1PPP1/RNBQKB1R w KQkq - 1 7
1,1/2-1/2,r1bqk1nr/pppppp1p/3b2p1/3Pn3/7P/P3PN2/1PP2PP1/RNBQKB1R b KQkq - 0 7
1,1/2-1/2,r1bqk1nr/pppppp1p/3b2p1/3P4/6nP/P3PN2/1PP2PP1/RNBQKB1R w KQkq - 1 8
1,1/2-1/2,r1bqk1nr/pppppp1p/3b2p1/3P4/6nP/P3PN2/1PPQ1PP1/RNB1KB1R b KQkq - 2 8
1,1/2-1/2,r1bqk1nr/1ppppp1p/3b2p1/p2P4/6nP/P3PN2/1PPQ1PP1/RNB1KB1R w KQkq - 0 9
1,1/2-1/2,r1bqk1nr/1ppppp1p/3b2p1/p2P4/3N2nP/P3P3/1PPQ1PP1/RNB1KB1R b KQkq - 1 9
1,1/2-1/2,r1bqk1nr/1ppppp2/3b2p1/p2P3p/3N2nP/P3P3/1PPQ1PP1/RNB1KB1R w KQkq - 0 10
1,1/2-1/2,r1bqk1nr/1ppppp2/3b2p1/p2P3p/3N2nP/P3P3/1PPQBPP1/RNB1K2R b KQkq - 1 10
1,1/2-1/2,r1bqk1nr/1ppppp2/3b1np1/p2P3p/3N3P/P3P3/1PPQBPP1/RNB1K2R w KQkq - 2 11
1,1/2-1/2,r1bqk1nr/1ppppp2/3b1np1/p2P3p/7P/PN2P3/1PPQBPP1/RNB1K2R b KQkq - 3 11
1,1/2-1/2,2bqk1nr/rppppp2/3b1np1/p2P3p/7P/PN2P3/1PPQBPP1/RNB1K2R w KQk - 4 12
1,1/2-1/2,2bqk1nr/rppppp2/3b1np1/p2P3p/5P1P/PN2P3/1PPQB1P1/RNB1K2R b KQk - 0 12
1,1/2-1/2,2bqk1n1/rppppp1r/3b1np1/p2P3p/5P1P/PN2P3/1PPQB1P1/RNB1K2R w KQ - 1 13
1,1/2-1/2,2bqk1n1/rppppp1r/3b1np1/p2P3p/2P2P1P/PN2P3/1P1QB1P1/RNB1K2R b KQ - 0 13
1,1/2-1/2,2bqk3/rppppp1r/3b1npn/p2P3p/2P2P1P/PN2P3/1P1QB1P1/RNB1K2R w KQ - 1 14
1,1/2-1/2,2bqk3/rppppp1r/3b1npn/p2P3p/2P2P1P/PN2P1P1/1P1QB3/RNB1K2R b KQ - 0 14
1,1/2-1/2,2bqk3/rppppp1r/3b2pn/p2P3p/2P1nP1P/PN2P1P1/1P1QB3/RNB1K2R w KQ - 1 15
1,1/2-1/2,2bqk3/rppppp1r/3b2pn/p2P3p/2PQnP1P/PN2P1P1/1P2B3/RNB1K2R b KQ - 2 15
1,1/2-1/2,2bqk3/rppppp1r/3b2pn/p2P3p/2PQ1P1P/PN2P1n1/1P2B3/RNB1K2R w KQ - 0 16
1,1/2-1/2,2bqk3/Qppppp1r/3b2pn/p2P3p/2P2P1P/PN2P1n1/1P2B3/RNB1K2R b KQ - 0 16
1,1/2-1/2,2bqk3/Qppppp1r/3b2pn/p2P3p/2P2P1P/PN2P3/1P2B3/RNB1K2n w Q - 0 17
1,1/2-1/2,2bqk3/Qppppp1r/3b2pn/N2P3p/2P2P1P/P3P3/1P2B3/RNB1K2n b Q - 0 17
1,1/2-1/2,2bqk3/Qppppp1r/3b2p1/N2P1n1p/2P2P1P/P3P3/1P2B3/RNB1K2n w Q - 1 18
1,1/2-1/2,2bqk3/Qppppp1r/3b2p1/N1PP1n1p/5P1P/P3P3/1P2B3/RNB1K2n b Q - 0 18
1,1/2-1/2,2bqk3/Qppppp1r/3b2p1/N1PP1n1p/5P1P/P3P1n1/1P2B3/RNB1K3 w Q - 1 19
1,1/2-1/2,2bqk3/Qppppp1r/3P2p1/N2P1n1p/5P1P/P3P1n1/1P2B3/RNB1K3 b Q - 0 19
1,1/2-1/2,2bqk3/Qp1ppp1r/3p2p1/N2P1n1p/5P1P/P3P1n1/1P2B3/RNB1K3 w Q - 0 20
1,1/2-1/2,2bqk3/Qp1ppp1r/3p2p1/N2P1n1p/5P1P/P2BP1n1/1P6/RNB1K3 b Q - 1 20
1,1/2-1/2,2bqk3/Qp1ppp1r/3p2p1/N2P3p/5P1n/P2BP1n1/1P6/RNB1K3 w Q - 0 21
1,1/2-1/2,2bqk3/Qp1ppp1r/3p2p1/3P3p/5P1n/PN1BP1n1/1P6/RNB1K3 b Q - 1 21
1,1/2-1/2,2bqk3/Qp1ppp1r/3p2p1/3P3p/5P2/PN1BP1n1/1P4n1/RNB1K3 w Q - 2 22
1,1/2-1/2,2bqk3/Qp1ppp1r/3p2p1/3P3p/5P2/PN1BP1n1/1P3Kn1/RNB5 b - - 3 22
1,1/2-1/2,2b1k3/Qpqppp1r/3p2p1/3P3p/5P2/PN1BP1n1/1P3Kn1/RNB5 w - - 4 23
1,1/2-1/2,2b1k3/Qpqppp1r/3p2p1/3P3p/5P2/PN1BP1n1/1P4K1/RNB5 b - - 0 23
1,1/2-1/2,2b1k3/Qpqpp2r/3p2p1/3P1p1p/5P2/PN1BP1n1/1P4K1/RNB5 w - - 0 24
1,1/2-1/2,2b1k3/Qpqpp2r/3p2p1/3P1p1p/5P2/PN1BPKn1/1P6/RNB5 b - - 1 24
1,1/2-1/2,2bk4/Qpqpp2r/3p2p1/3P1p1p/5P2/PN1BPKn1/1P6/RNB5 w - - 2 25
1,1/2-1/2,2bk4/Qpqpp2r/3p2p1/3P1p1p/5P2/PN1BPKn1/RP6/1NB5 b - - 3 25
1,1/2-1/2,2bk4/Q1qpp2r/3p2p1/1p1P1p1p/5P2/PN1BPKn1/RP6/1NB5 w - - 0 26
1,1/2-1/2,2bk4/2Qpp2r/3p2p1/1p1P1p1p/5P2/PN1BPKn1/RP6/1NB5 b - - 0 26
1,1/2-1/2,2b5/2kpp2r/3p2p1/1p1P1p1p/5P2/PN1BPKn1/RP6/1NB5 w - - 0 27
1,1/2-1/2,2b5/2kpp2r/3p2p1/1p1P1p1p/5P2/PN1BP1K1/RP6/1NB5 b - - 0 27
1,1/2-1/2,8/2kpp2r/b2p2p1/1p1P1p1p/5P2/PN1BP1K1/RP6/1NB5 w - - 1 28
1,1/2-1/2,8/2kpp2r/b2p2p1/1p1P1p1p/5P2/PN1BP1K1/RP1N4/2B5 b - - 2 28
1,1/2-1/2,8/2kppr2/b2p2p1/1p1P1p1p/5P2/PN1BP1K1/RP1N4/2B5 w - - 3 29
1,1/2-1/2,8/2kppr2/b2p2p1/1p1P1p1p/5P2/P2BP1K1/RP1N4/N1B5 b - - 4 29
1,1/2-1/2,1k6/3ppr2/b2p2p1/1p1P1p1p/5P2/P2BP1K1/RP1N4/N1B5 w - - 5 30
1,1/2-1/2,1k6/3ppr2/b2p2p1/1p1P1p1p/P4P2/3BP1K1/RP1N4/N1B5 b - - 0 30
1,1/2-1/2,1k6/3pp3/b2p1rp1/1p1P1p1p/P4P2/3BP1K1/RP1N4/N1B5 w - - 1 31
1,1/2-1/2,1k6/3pp3/b2p1rp1/1p1P1p1p/P4P2/4P1K1/RP1N4/NBB5 b - - 2 31
1,1/2-1/2,8/2kpp3/b2p1rp1/1p1P1p1p/P4P2/4P1K1/RP1N4/NBB5 w - - 3 32
1,1/2-1/2,8/2kpp3/b2p1rp1/1p1P1p1p/P4P2/3BP1K1/RP1N4/N1B5 b - - 4 32
1,1/2-1/2,8/2kppr2/b2p2p1/1p1P1p1p/P4P2/3BP1K1/RP1N4/N1B5 w - - 5 33
1,1/2-1/2,8/2kppr2/b2p2p1/1P1P1p1p/5P2/3BP1K1/RP1N4/N1B5 b - - 0 33
1,1/2-1/2,8/2kppr2/b2p2p1/1P1P1p2/5P1p/3BP1K1/RP1N4/N1B5 w - - 0 34
1,1/2-1/2,8/2kppr2/b2p2p1/1P1P1p2/5P1p/3BPK2/RP1N4/N1B5 b - - 1 34
1,1/2-1/2,8/1bkppr2/3p2p1/1P1P1p2/5P1p/3BPK2/RP1N4/N1B5 w - - 2 35
1,1/2-1/2,8/1bkppr2/1P1p2p1/3P1p2/5P1p/3BPK2/RP1N4/N1B5 b - - 0 35
1,1/2-1/2,1k6/1b1ppr2/1P1p2p1/3P1p2/5P1p/3BPK2/RP1N4/N1B5 w - - 1 36
1,1/2-1/2,1k6/1b1ppr2/1P1p2p1/3P1p2/2B2P1p/4PK2/RP1N4/N1B5 b - - 2 36
1,1/2-1/2,1k6/1b1pp1r1/1P1p2p1/3P1p2/2B2P1p/4PK2/RP1N4/N1B5 w - - 3 37
1,1/2-1/2,1k6/1b1pp1r1/1P1p2p1/3P1p2/2B2P1p/4P3/RP1NK3/N1B5 b - - 4 37
1,1/2-1/2,1k4r1/1b1pp3/1P1p2p1/3P1p2/2B2P1p/4P3/RP1NK3/N1B5 w - - 5 38
1,1/2-1/2,1k4r1/1b1pp3/BP1p2p1/3P1p2/5P1p/4P3/RP1NK3/N1B5 b - - 6 38
1,1/2-1/2,bk4r1/3pp3/BP1p2p1/3P1p2/5P1p/4P3/RP1NK3/N1B5 w - - 7 39
1,1/2-1/2,bk4r1/3pp3/BP1p2p1/3P1p2/R4P1p/4P3/1P1NK3/N1B5 b - - 8 39
1,1/2-1/2,1k4r1/3pp3/BP1p2p1/3b1p2/R4P1p/4P3/1P1NK3/N1B5 w - - 0 40
1,1/2-1/2,1k4r1/3pp3/BP1p2p1/3b1p2/RP3P1p/4P3/3NK3/N1B5 b - - 0 40
1,1/2-1/2,1k3r2/3pp3/BP1p2p1/3b1p2/RP3P1p/4P3/3NK3/N1B5 w - - 1 41
1,1/2-1/2,1k3r2/3pp3/BP1p2p1/3b1p2/RP3P1p/B3P3/3NK3/N7 b - - 2 41
1,1/2-1/2,1k3r2/3pp3/BPbp2p1/5p2/RP3P1p/B3P3/3NK3/N7 w - - 3 42
1,1/2-1/2,1k3r2/3pp3/BPbp2p1/R4p2/1P3P1p/B3P3/3NK3/N7 b - - 4 42
1,1/2-1/2,1k6/3pp3/BPbp1rp1/R4p2/1P3P1p/B3P3/3NK3/N7 w - - 5 43
1,1/2-1/2,1k6/3pp3/BPbp1rp1/RP3p2/5P1p/B3P3/3NK3/N7 b - - 0 43
1,1/2-1/2,1k6/1b1pp3/BP1p1rp1/RP3p2/5P1p/B3P3/3NK3/N7 w - - 1 44
1,1/2-1/2,1k6/1b1pp3/BP1p1rp1/RP3p2/5P1p/B3P3/2NNK3/8 b - - 2 44
1,1/2-1/2,k7/1b1pp3/BP1p1rp1/RP3p2/5P1p/B3P3/2NNK3/8 w - - 3 45
1,1/2-1/2,k7/1b1pp3/BP1p1rp1/RP3p2/1B3P1p/4P3/2NNK3/8 b - - 4 45
1,1/2-1/2,k7/3pp3/BP1p1rp1/RP3p2/1B2bP1p/4P3/2NNK3/8 w - - 5 46
1,1/2-1/2,k1B5/3pp3/1P1p1rp1/RP3p2/1B2bP1p/4P3/2NNK3/8 b - - 6 46
1,1/2-1/2,1kB5/3pp3/1P1p1rp1/RP3p2/1B2bP1p/4P3/2NNK3/8 w - - 7 47
1,1/2-1/2,1kB5/3pp3/1P1p1rp1/RP3p2/1B2NP1p/4P3/2N1K3/8 b - - 0 47
1,1/2-1/2,1kB5/3pp3/1P1p1rp1/RP6/1B2pP1p/4P3/2N1K3/8 w - - 0 48
1,1/2-1/2,1k6/3Bp3/1P1p1rp1/RP6/1B2pP1p/4P3/2N1K3/8 b - - 0 48
1,1/2-1/2,1k3r2/3Bp3/1P1p2p1/RP6/1B2pP1p/4P3/2N1K3/8 w - - 1 49
1,1/2-1/2,1k3r2/3Bp3/1P1p2p1/RP6/4pP1p/4P3/2N1K3/4B3 b - - 2 49
1,1/2-1/2,1k1r4/3Bp3/1P1p2p1/RP6/4pP1p/4P3/2N1K3/4B3 w - - 3 50
1,1/2-1/2,1k1r4/4p3/1PBp2p1/RP6/4pP1p/4P3/2N1K3/4B3 b - - 4 50
1,1/2-1/2,1kr5/4p3/1PBp2p1/RP6/4pP1p/4P3/2N1K3/4B3 w - - 5 51
1,1/2-1/2,1kr5/4p3/1PBp2p1/RP6/4pP1B/4P3/2N1K3/8 b - - 0 51
1,1/2-1/2,1kr5/4p3/1PBp4/RP4p1/4pP1B/4P3/2N1K3/8 w - - 0 52
1,1/2-1/2,1kr5/4p3/1PBp4/RP4B1/4pP2/4P3/2N1K3/8 b - - 0 52
1,1/2-1/2,1k3r2/4p3/1PBp4/RP4B1/4pP2/4P3/2N1K3/8 w - - 1 53
1,1/2-1/2,1k3r2/4B3/1PBp4/RP6/4pP2/4P3/2N1K3/8 b - - 0 53
1,1/2-1/2,1k6/4Br2/1PBp4/RP6/4pP2/4P3/2N1K3/8 w - - 1 54
1,1/2-1/2,1k6/5r2/1PBB4/RP6/4pP2/4P3/2N1K3/8 b - - 0 54
1,1/2-1/2,2k5/5r2/1PBB4/RP6/4pP2/4P3/2N1K3/8 w - - 1 55
1,1/2-1/2,2k5/1P3r2/2BB4/RP6/4pP2/4P3/2N1K3/8 b - - 0 55
1,1/2-1/2,2k5/1r6/2BB4/RP6/4pP2/4P3/2N1K3/8 w - - 0 56
1,1/2-1/2,R1k5/1r6/2BB4/1P6/4pP2/4P3/2N1K3/8 b - - 1 56
1,1/2-1/2,Rrk5/8/2BB4/1P6/4pP2/4P3/2N1K3/8 w - - 2 57
1,1/2-1/2,RBk5/8/2B5/1P6/4pP2/4P3/2N1K3/8 b - - 0 57
1,1/2-1/2,RB1k4/8/2B5/1P6/4pP2/4P3/2N1K3/8 w - - 1 58
1,1/2-1/2,RB1k4/8/2B5/1P3P2/4p3/4P3/2N1K3/8 b - - 0 58
1,1/2-1/2,RB6/4k3/2B5/1P3P2/4p3/4P3/2N1K3/8 w - - 1 59
1,1/2-1/2,1B6/4k3/2B5/1P3P2/4p3/4P3/R1N1K3/8 b - - 2 59
1,1/2-1/2,1B6/5k2/2B5/1P3P2/4p3/4P3/R1N1K3/8 w - - 3 60
1,1/2-1/2,1B6/5k2/2B5/1P3P2/4p3/4P3/R3K3/N7 b - - 4 60
1,1/2-1/2,1B4k1/8/2B5/1P3P2/4p3/4P3/R3K3/N7 w - - 5 61
1,1/2-1/2,1B4k1/8/8/1P1B1P2/4p3/4P3/R3K3/N7 b - - 6 61
1,1/2-1/2,1B6/6k1/8/1P1B1P2/4p3/4P3/R3K3/N7 w - - 7 62
1,1/2-1/2,1B6/6k1/8/1P1B1P2/4p3/4P3/1R2K3/N7 b - - 8 62
1,1/2-1/2,1B6/8/5k2/1P1B1P2/4p3/4P3/1R2K3/N7 w - - 9 63
1,1/2-1/2,1B6/8/5k2/1P3P2/4B3/4P3/1R2K3/N7 b - - 0 63
1,1/2-1/2,1B6/4k3/8/1P3P2/4B3/4P3/1R2K3/N7 w - - 1 64
1,1/2-1/2,1B6/4k3/8/1P3P2/4B3/4P3/R3K3/N7 b - - 2 64
1,1/2-1/2,1B3k2/8/8/1P3P2/4B3/4P3/R3K3/N7 w - - 3 65
1,1/2-1/2,1B3k2/8/8/1P3P2/4B3/4P3/3RK3/N7 b - - 4 65
1,1/2-1/2,1B6/4k3/8/1P3P2/4B3/4P3/3RK3/N7 w - - 5 66
1,1/2-1/2,8/4k3/8/1P2BP2/4B3/4P3/3RK3/N7 b - - 6 66
1,1/2-1/2,5k2/8/8/1P2BP2/4B3/4P3/3RK3/N7 w - - 7 67
1,1/2-1/2,B4k2/8/8/1P2BP2/8/4P3/3RK3/N7 b - - 8 67
1,1/2-1/2,B3k3/8/8/1P2BP2/8/4P3/3RK3/N7 w - - 9 68
1,1/2-1/2,4k3/8/8/1P2BP2/8/4PB2/3RK3/N7 b - - 10 68
1,1/2-1/2,8/4k3/8/1P2BP2/8/4PB2/3RK3/N7 w - - 11 69
1,1/2-1/2,8/4k3/8/1P2BP2/8/4PB2/3R4/N4K2 b - - 12 69
1,1/2-1/2,5k2/8/8/1P2BP2/8/4PB2/3R4/N4K2 w - - 13 70
1,1/2-1/2,5k2/3R4/8/1P2BP2/8/4PB2/8/N4K2 b - - 14 70
1,1/2-1/2,6k1/3R4/8/1P2BP2/8/4PB2/8/N4K2 w - - 15 71
1,1/2-1/2,6k1/3R4/8/1P2BP2/8/4PB2/6K1/N7 b - - 16 71
1,1/2-1/2,5k2/3R4/8/1P2BP2/8/4PB2/6K1/N7 w - - 17 72
1,1/2-1/2,5k2/3R2B1/8/1P3P2/8/4PB2/6K1/N7 b - - 18 72
1,1/2-1/2,6k1/3R2B1/8/1P3P2/8/4PB2/6K1/N7 w - - 19 73
1,1/2-1/2,6k1/1B1R2B1/8/1P3P2/8/4P3/6K1/N7 b - - 20 73
1,1/2-1/2,8/1B1R2Bk/8/1P3P2/8/4P3/6K1/N7 w - - 21 74
1,1/2-1/2,8/1B1R2Bk/8/1P3P2/8/4P2K/8/N7 b - - 22 74
1,1/2-1/2,6k1/1B1R2B1/8/1P3P2/8/4P2K/8/N7 w - - 23 75
1,1/2-1/2,6k1/1B1R4/7B/1P3P2/8/4P2K/8/N7 b - - 24 75
1,1/2-1/2,7k/1B1R4/7B/1P3P2/8/4P2K/8/N7 w - - 25 76
1,1/2-1/2,7k/1B4R1/7B/1P3P2/8/4P2K/8/N7 b - - 26 76
2,1/2-1/2,rnbqkbnr/pppppppp/8/8/8/8/PPPPPPPP/RNBQKBNR w KQkq - 0 1
2,1/2-1/2,rnbqkbnr/pppppppp/8/8/8/1P6/P1PPPPPP/RNBQKBNR b KQkq - 0 1
2,1/2-1/2,rnbqkbnr/pp1ppppp/2p5/8/8/1P6/P1PPPPPP/RNBQKBNR w KQkq - 0 2
2,1/2-1/2,rnbqkbnr/pp1ppppp/2p5/8/8/1P5P/P1PPPPP1/RNBQKBNR b KQkq - 0 2
2,1/2-1/2,rnb1kbnr/pp1ppppp/2p5/q7/8/1P5P/P1PPPPP1/RNBQKBNR w KQkq - 1 3
2,1/2-1/2,rnb1kbnr/pp1ppppp/2p5/q7/2P5/1P5P/P2PPPP1/RNBQKBNR b KQkq - 0 3
2,1/2-1/2,rnb1kbnr/pp2pppp/2pp4/q7/2P5/1P5P/P2PPPP1/RNBQKBNR w KQkq - 0 4
2,1/2-1/2,rnb1kbnr/pp2pppp/2pp4/q7/2P5/PP5P/3PPPP1/RNBQKBNR b KQkq - 0 4
2,1/2-1/2,rnb2bnr/pp1kpppp/2pp4/q7/2P5/PP5P/3PPPP1/RNBQKBNR w KQ - 1 5
2,1/2-1/2,rnb2bnr/pp1kpppp/2pp4/q7/2P5/PP5P/1B1PPPP1/RN1QKBNR b KQ - 2 5
2,1/2-1/2,rnb2bnr/pp1kp1pp/2pp4/q4p2/2P5/PP5P/1B1PPPP1/RN1QKBNR w KQ - 0 6
2,1/2-1/2,rnb2bnr/pp1kp1pp/2pp4/q4p2/2P5/PP5P/3PPPP1/RNBQKBNR b KQ - 1 6
2,1/2-1/2,rnb2bnr/1p1kp1pp/p1pp4/q4p2/2P5/PP5P/3PPPP1/RNBQKBNR w KQ - 0 7
2,1/2-1/2,rnb2bnr/1p1kp1pp/p1pp4/q4p2/2P5/PPN4P/3PPPP1/R1BQKBNR b KQ - 1 7
2,1/2-1/2,rnb2bnr/1p1kp1p1/p1pp3p/q4p2/2P5/PPN4P/3PPPP1/R1BQKBNR w KQ - 0 8
2,1/2-1/2,rnb2bnr/1p1kp1p1/p1pp3p/q4p2/N1P5/PP5P/3PPPP1/R1BQKBNR b KQ - 1 8
2,1/2-1/2,rnb2bnr/1p1kp1p1/p1pp3p/q7/N1P2p2/PP5P/3PPPP1/R1BQKBNR w KQ - 0 9
2,1/2-1/2,rnb2bnr/1p1kp1p1/p1pp3p/q7/NPP2p2/P6P/3PPPP1/R1BQKBNR b KQ - 0 9
2,1/2-1/2,rnb2bnr/1p1kp1p1/p1pp3p/4q3/NPP2p2/P6P/3PPPP1/R1BQKBNR w KQ - 1 10
2,1/2-1/2,rnb2bnr/1p1kp1p1/p1pp3p/4q3/NPPP1p2/P6P/4PPP1/R1BQKBNR b KQ - 0 10
2,1/2-1/2,rnb2bnr/1p1kp1p1/p1pp3p/6q1/NPPP1p2/P6P/4PPP1/R1BQKBNR w KQ - 1 11
2,1/2-1/2,rnb2bnr/1p1kp1p1/pNpp3p/6q1/1PPP1p2/P6P/4PPP1/R1BQKBNR b KQ - 2 11
2,1/2-1/2,rnb2bnr/1p2p1p1/pNppk2p/6q1/1PPP1p2/P6P/4PPP1/R1BQKBNR w KQ - 3 12
2,1/2-1/2,rnb2bnr/1p2p1p1/pNppk2p/6q1/1PPP1p1P/P7/4PPP1/R1BQKBNR b KQ - 0 12
2,1/2-1/2,rnb2bnr/1p2p1p1/pNppk1qp/8/1PPP1p1P/P7/4PPP1/R1BQKBNR w KQ - 1 13
2,1/2-1/2,Nnb2bnr/1p2p1p1/p1ppk1qp/8/1PPP1p1P/P7/4PPP1/R1BQKBNR b KQ - 0 13
2,1/2-1/2,Nnb2bnr/1p2p1p1/p1pp2qp/5k2/1PPP1p1P/P7/4PPP1/R1BQKBNR w KQ - 1 14
2,1/2-1/2,Nnb2bnr/1p2p1p1/p1pp2qp/5k2/1PPP1p1P/P7/2Q1PPP1/R1B1KBNR b KQ - 2 14
2,1/2-1/2,Nnb2bnr/1p2p1p1/p1pp1kqp/8/1PPP1p1P/P7/2Q1PPP1/R1B1KBNR w KQ - 3 15
2,1/2-1/2,Nnb2bnr/1p2p1p1/p1pp1kQp/8/1PPP1p1P/P7/4PPP1/R1B1KBNR b KQ - 0 15
2,1/2-1/2,Nnb2bnr/1p2p1p1/p1pp2kp/8/1PPP1p1P/P7/4PPP1/R1B1KBNR w KQ - 0 16
2,1/2-1/2,Nnb2bnr/1p2p1p1/p1pp2kp/8/1PPP1B1P/P7/4PPP1/R3KBNR b KQ - 0 16
2,1/2-1/2,Nnb2bn1/1p2p1pr/p1pp2kp/8/1PPP1B1P/P7/4PPP1/R3KBNR w KQ - 1 17
2,1/2-1/2,Nnb2bn1/1p2p1pr/p1pp2kp/7P/1PPP1B2/P7/4PPP1/R3KBNR b KQ - 0 17
2,1/2-1/2,Nnb2bn1/1p2pkpr/p1pp3p/7P/1PPP1B2/P7/4PPP1/R3KBNR w KQ - 1 18
2,1/2-1/2,Nnb2bn1/1p2pkpr/p1pp3p/3P3P/1PP2B2/P7/4PPP1/R3KBNR b KQ - 0 18
2,1/2-1/2,Nnb2bn1/1p2pk1r/p1pp3p/3P2pP/1PP2B2/P7/4PPP1/R3KBNR w KQ g6 0 19
2,1/2-1/2,Nnb2bn1/1p2pk1r/p1pp2Pp/3P4/1PP2B2/P7/4PPP1/R3KBNR b KQ - 0 19
2,1/2-1/2,Nnb2bn1/1p2p2r/p1pp2kp/3P4/1PP2B2/P7/4PPP1/R3KBNR w KQ - 0 20
2,1/2-1/2,Nnb2bn1/1p2p2r/p1pp2kp/3P4/1PP2B2/P3P3/5PP1/R3KBNR b KQ - 0 20
2,1/2-1/2,Nnb2bn1/1p5r/p1pp2kp/3Pp3/1PP2B2/P3P3/5PP1/R3KBNR w KQ e6 0 21
2,1/2-1/2,Nnb2bn1/1p5r/p1pp2kp/3Pp3/1PP5/P3P1B1/5PP1/R3KBNR b KQ - 1 21
2,1/2-1/2,Nnb2bn1/1p2r3/p1pp2kp/3Pp3/1PP5/P3P1B1/5PP1/R3KBNR w KQ - 2 22
2,1/2-1/2,Nnb2bn1/1p2r3/p1pp2kp/3Pp3/1PP4R/P3P1B1/5PP1/R3KBN1 b Q - 3 22
2,1/2-1/2,Nnb2bn1/1p2r3/p1pp3p/3Pp1k1/1PP4R/P3P1B1/5PP1/R3KBN1 w Q - 4 23
2,1/2-1/2,Nnb2bn1/1p2r3/p1pp3p/3Pp1k1/1PP4R/P3P1B1/3K1PP1/R4BN1 b - - 5 23
2,1/2-1/2,Nnb2bn1/1p1r4/p1pp3p/3Pp1k1/1PP4R/P3P1B1/3K1PP1/R4BN1 w - - 6 24
2,1/2-1/2,Nnb2bn1/1p1r4/p1pp3p/3Pp1k1/1PP4R/P3P1B1/3K1PP1/3R1BN1 b - - 7 24
2,1/2-1/2,Nnb2bn1/1p1r4/p1pp4/3Pp1kp/1PP4R/P3P1B1/3K1PP1/3R1BN1 w - - 0 25
2,1/2-1/2,Nnb2bn1/1p1r4/p1pp4/3Pp1kp/1PP4R/P3P1B1/3KBPP1/3R2N1 b - - 1 25
2,1/2-1/2,Nnb2b2/1p1r4/p1pp1n2/3Pp1kp/1PP4R/P3P1B1/3KBPP1/3R2N1 w - - 2 26
2,1/2-1/2,1nb2b2/1p1r4/pNpp1n2/3Pp1kp/1PP4R/P3P1B1/3KBPP1/3R2N1 b - - 3 26
2,1/2-1/2,1nbr1b2/1p6/pNpp1n2/3Pp1kp/1PP4R/P3P1B1/3KBPP1/3R2N1 w - - 4 27
2,1/2-1/2,1nbr1b2/1p6/pNPp1n2/4p1kp/1PP4R/P3P1B1/3KBPP1/3R2N1 b - - 0 27
2,1/2-1/2,2br1b2/1p6/pNnp1n2/4p1kp/1PP4R/P3P1B1/3KBPP1/3R2N1 w - - 0 28
2,1/2-1/2,2Nr1b2/1p6/p1np1n2/4p1kp/1PP4R/P3P1B1/3KBPP1/3R2N1 b - - 0 28
2,1/2-1/2,2r2b2/1p6/p1np1n2/4p1kp/1PP4R/P3P1B1/3KBPP1/3R2N1 w - - 0 29
2,1/2-1/2,2r2b2/1p6/p1np1n2/4p1kp/1PP4R/P3PBB1/3K1PP1/3R2N1 b - - 1 29
2,1/2-1/2,2r2b2/1p6/p1n2n2/3pp1kp/1PP4R/P3PBB1/3K1PP1/3R2N1 w - - 0 30
2,1/2-1/2,2r2b2/1p6/p1n2n2/3Pp1kp/1P5R/P3PBB1/3K1PP1/3R2N1 b - - 0 30
2,1/2-1/2,2r2b2/1p2n3/p4n2/3Pp1kp/1P5R/P3PBB1/3K1PP1/3R2N1 w - - 1 31
2,1/2-1/2,2r2b2/1p2n3/p2P1n2/4p1kp/1P5R/P3PBB1/3K1PP1/3R2N1 b - - 0 31
2,1/2-1/2,3r1b2/1p2n3/p2P1n2/4p1kp/1P5R/P3PBB1/3K1PP1/3R2N1 w - - 1 32
2,1/2-1/2,3r1b2/1p2n3/p2P1n2/4p1kp/1P5R/P3PBB1/2K2PP1/3R2N1 b - - 2 32
2,1/2-1/2,2nr1b2/1p6/p2P1n2/4p1kp/1P5R/P3PBB1/2K2PP1/3R2N1 w - - 3 33
2,1/2-1/2,2nr1b2/1p6/p2P1n2/4p1kp/1P5R/P3PBBN/2K2PP1/3R4 b - - 4 33
2,1/2-1/2,2nr1b2/1p6/p2P1n1k/4p2p/1P5R/P3PBBN/2K2PP1/3R4 w - - 5 34
2,1/2-1/2,2nr1b2/1p6/p2P1n1k/4B2p/1P5R/P3PB1N/2K2PP1/3R4 b - - 0 34
2,1/2-1/2,2nr1b2/1p4k1/p2P1n2/4B2p/1P5R/P3PB1N/2K2PP1/3R4 w - - 1 35
2,1/2-1/2,2nr1b2/1p4k1/p2P1n2/4B2p/1P3R2/P3PB1N/2K2PP1/3R4 b - - 2 35
2,1/2-1/2,2nr4/1p2b1k1/p2P1n2/4B2p/1P3R2/P3PB1N/2K2PP1/3R4 w - - 3 36
2,1/2-1/2,2nr4/1p2P1k1/p4n2/4B2p/1P3R2/P3PB1N/2K2PP1/3R4 b - - 0 36
2,1/2-1/2,2n5/1p2P1k1/p2r1n2/4B2p/1P3R2/P3PB1N/2K2PP1/3R4 w - - 1 37
2,1/2-1/2,2n1Q3/1p4k1/p2r1n2/4B2p/1P3R2/P3PB1N/2K2PP1/3R4 b - - 0 37
2,1/2-1/2,2n1Q3/1p6/p2r1n1k/4B2p/1P3R2/P3PB1N/2K2PP1/3R4 w - - 1 38
2,1/2-1/2,2Q5/1p6/p2r1n1k/4B2p/1P3R2/P3PB1N/2K2PP1/3R4 b - - 0 38
2,1/2-1/2,2Q5/1p6/p4n1k/4B2p/1P3R2/P3PB1N/2K2PP1/3r4 w - - 0 39
2,1/2-1/2,2Q5/1p6/p4R1k/4B2p/1P6/P3PB1N/2K2PP1/3r4 b - - 0 39
2,1/2-1/2,2Q5/1p4k1/p4R2/4B2p/1P6/P3PB1N/2K2PP1/3r4 w - - 1 40
2,1/2-1/2,2Q5/1p4k1/p4R2/4B2p/1P6/P3P2N/2K2PP1/3B4 b - - 0 40
2,1/2-1/2,2Q5/1p4k1/p4R2/4B3/1P5p/P3P2N/2K2PP1/3B4 w - - 0 41
2,1/2-1/2,8/1Q4k1/p4R2/4B3/1P5p/P3P2N/2K2PP1/3B4 b - - 0 41
2,1/2-1/2,7k/1Q6/p4R2/4B3/1P5p/P3P2N/2K2PP1/3B4 w - - 1 42
2,1/2-1/2,7k/1QB5/p4R2/8/1P5p/P3P2N/2K2PP1/3B4 b - - 2 42
2,1/2-1/2,6k1/1QB5/p4R2/8/1P5p/P3P2N/2K2PP1/3B4 w - - 3 43
2,1/2-1/2,1Q4k1/2B5/p4R2/8/1P5p/P3P2N/2K2PP1/3B4 b - - 4 43
2,1/2-1/2,1Q6/2B4k/p4R2/8/1P5p/P3P2N/2K2PP1/3B4 w - - 5 44
2,1/2-1/2,1Q6/2B4k/p4R2/8/1P5p/P1K1P2N/5PP1/3B4 b - - 6 44
2,1/2-1/2,1Q6/2B3k1/p4R2/8/1P5p/P1K1P2N/5PP1/3B4 w - - 7 45
2,1/2-1/2,1Q6/2B3k1/p3R3/8/1P5p/P1K1P2N/5PP1/3B4 b - - 8 45
2,1/2-1/2,1Q6/2B2k2/p3R3/8/1P5p/P1K1P2N/5PP1/3B4 w - - 9 46
2,1/2-1/2,1Q6/2B2k2/p3R3/8/1P3N1p/P1K1P3/5PP1/3B4 b - - 10 46
2,1/2-1/2,1Q6/2B2k2/4R3/p7/1P3N1p/P1K1P3/5PP1/3B4 w - - 0 47
2,1/2-1/2,1Q6/2B2k2/4R3/p6B/1P3N1p/P1K1P3/5PP1/8 b - - 1 47
2,1/2-1/2,1Q6/2B3k1/4R3/p6B/1P3N1p/P1K1P3/5PP1/8 w - - 2 48
2,1/2-1/2,1Q6/2B3k1/4R3/P6B/5N1p/P1K1P3/5PP1/8 b - - 0 48
2,1/2-1/2,1Q6/2B4k/4R3/P6B/5N1p/P1K1P3/5PP1/8 w - - 1 49
2,1/2-1/2,1Q6/2B4k/6R1/P6B/5N1p/P1K1P3/5PP1/8 b - - 2 49
2,1/2-1/2,1Q6/2B4k/6R1/P6B/5N2/P1K1P2p/5PP1/8 w - - 0 50
2,1/2-1/2,1Q6/2B4k/6R1/P6B/5N2/P1K1P2P/5P2/8 b - - 0 50
2,1/2-1/2,rnbqkbnr/pppppppp/8/8/8/8/PPPPPPPP/RNBQKBNR w KQkq - 0 1
3,1/2-1/2,rnbqkbnr/pppppppp/8/8/P7/8/1PPPPPPP/RNBQKBNR b KQkq - 0 1
3,1/2-1/2,rnbqkbnr/ppppp1pp/5p2/8/P7/8/1PPPPPPP/RNBQKBNR w KQkq - 0 2
3,1/2-1/2,rnbqkbnr/ppppp1pp/5p2/8/P7/7N/1PPPPPPP/RNBQKB1R b KQkq - 1 2
3,1/2-1/2,rnbqkbnr/ppppp1p1/5p1p/8/P7/7N/1PPPPPPP/RNBQKB1R w KQkq - 0 3
3,1/2-1/2,rnbqkbnr/ppppp1p1/5p1p/8/P4P2/7N/1PPPP1PP/RNBQKB1R b KQkq - 0 3
3,1/2-1/2,rnbqkbn1/ppppp1pr/5p1p/8/P4P2/7N/1PPPP1PP/RNBQKB1R w KQq - 1 4
3,1/2-1/2,rnbqkbn1/ppppp1pr/5p1p/8/P4P2/3P3N/1PP1P1PP/RNBQKB1R b KQq - 0 4
3,1/2-1/2,r1bqkbn1/ppppp1pr/n4p1p/8/P4P2/3P3N/1PP1P1PP/RNBQKB1R w KQq - 1 5
3,1/2-1/2,r1bqkbn1/ppppp1pr/n4p1p/8/P2P1P2/7N/1PP1P1PP/RNBQKB1R b KQq - 0 5
3,1/2-1/2,r1bqkbn1/pppp2pr/n4p1p/4p3/P2P1P2/7N/1PP1P1PP/RNBQKB1R w KQq - 0 6
3,1/2-1/2,r1bqkbn1/pppp2pr/n4p1p/4P3/P4P2/7N/1PP1P1PP/RNBQKB1R b KQq - 0 6
3,1/2-1/2,r1bqkbn1/ppp3pr/n2p1p1p/4P3/P4P2/7N/1PP1P1PP/RNBQKB1R w KQq - 0 7
3,1/2-1/2,r1bqkbn1/ppp3pr/n2p1p1p/4P3/P4P2/3Q3N/1PP1P1PP/RNB1KB1R b KQq - 1 7
3,1/2-1/2,r1bqkbnr/ppp3p1/n2p1p1p/4P3/P4P2/3Q3N/1PP1P1PP/RNB1KB1R w KQq - 2 8
3,1/2-1/2,r1bqkbnr/ppp3p1/n2P1p1p/8/P4P2/3Q3N/1PP1P1PP/RNB1KB1R b KQq - 0 8
3,1/2-1/2,r2qkbnr/ppp3p1/n2P1p1p/8/P4P2/3Q3b/1PP1P1PP/RNB1KB1R w KQq - 0 9
3,1/2-1/2,r2qkbnr/ppp3p1/n2P1pQp/8/P4P2/7b/1PP1P1PP/RNB1KB1R b KQq - 1 9
3,1/2-1/2,r2q1bnr/pppk2p1/n2P1pQp/8/P4P2/7b/1PP1P1PP/RNB1KB1R w KQ - 2 10
3,1/2-1/2,r2q1bnr/pppk2p1/n2P1pQp/8/P4P2/7P/1PP1P2P/RNB1KB1R b KQ - 0 10
3,1/2-1/2,r2q1bnr/pp1k2p1/n1pP1pQp/8/P4P2/7P/1PP1P2P/RNB1KB1R w KQ - 0 11
3,1/2-1/2,r2q1bnr/pp1k1Qp1/n1pP1p1p/8/P4P2/7P/1PP1P2P/RNB1KB1R b KQ - 1 11
3,1/2-1/2,r1kq1bnr/pp3Qp1/n1pP1p1p/8/P4P2/7P/1PP1P2P/RNB1KB1R w KQ - 2 12
3,1/2-1/2,r1kq1bnr/pp3Qp1/n1pP1p1p/8/P4P2/7P/1PPNP2P/R1B1KB1R b KQ - 3 12
3,1/2-1/2,rk1q1bnr/pp3Qp1/n1pP1p1p/8/P4P2/7P/1PPNP2P/R1B1KB1R w KQ - 4 13
3,1/2-1/2,rk1q1bnr/pp3Qp1/n1pP1p1p/8/P4P2/7P/1PPNP2P/1RB1KB1R b K - 5 13
3,1/2-1/2,rk1q1bnr/pp3Qp1/n2P1p1p/2p5/P4P2/7P/1PPNP2P/1RB1KB1R w K - 0 14
3,1/2-1/2,rk1q1bnr/pp3Qp1/n2P1p1p/2p5/P4P2/1N5P/1PP1P2P/1RB1KB1R b K - 1 14
3,1/2-1/2,rk1q1bnr/p4Qp1/np1P1p1p/2p5/P4P2/1N5P/1PP1P2P/1RB1KB1R w K - 0 15
3,1/2-1/2,rk1q1bnr/p4Qp1/np1P1p1p/2p5/P4P2/1N5P/1PP1P1BP/1RB1K2R b K - 1 15
3,1/2-1/2,rk1q2nr/p4Qp1/np1b1p1p/2p5/P4P2/1N5P/1PP1P1BP/1RB1K2R w K - 0 16
3,1/2-1/2,rk1q2nr/p5Q1/np1b1p1p/2p5/P4P2/1N5P/1PP1P1BP/1RB1K2R b K - 0 16
3,1/2-1/2,rk1q2nr/p5Q1/np1b1p1p/8/P1p2P2/1N5P/1PP1P1BP/1RB1K2R w K - 0 17
3,1/2-1/2,rk1q2nQ/p7/np1b1p1p/8/P1p2P2/1N5P/1PP1P1BP/1RB1K2R b K - 0 17
3,1/2-1/2,rk1q2nQ/p7/np3p1p/8/Pbp2P2/1N5P/1PP1P1BP/1RB1K2R w K - 1 18
3,1/2-1/2,rk1q2nQ/p7/np3p1p/8/Pbp2P2/1N5P/1PP1PKBP/1RB4R b - - 2 18
3,1/2-1/2,rk1q2nQ/p7/np3p1p/8/Pb3P2/1p5P/1PP1PKBP/1RB4R w - - 0 19
3,1/2-1/2,Bk1q2nQ/p7/np3p1p/8/Pb3P2/1p5P/1PP1PK1P/1RB4R b - - 0 19
3,1/2-1/2,Bk1q2nQ/p7/np3p1p/8/Pb3P2/7P/1Pp1PK1P/1RB4R w - - 0 20
3,1/2-1/2,Bk1q2nQ/p7/np3p1p/8/Pb3P2/7P/1Pp1PK1P/R1B4R b - - 1 20
3,1/2-1/2,Bk1q2nQ/p7/np3p1p/8/P4P2/7P/1PpbPK1P/R1B4R w - - 2 21
3,1/2-1/2,1k1q2nQ/p7/np3p1p/8/P3BP2/7P/1PpbPK1P/R1B4R b - - 3 21
3,1/2-1/2,1k4nQ/p7/np3p1p/8/P2qBP2/7P/1PpbPK1P/R1B4R w - - 4 22
3,1/2-1/2,1k4nQ/p7/np3p1p/8/P2qBP2/7P/1PpbP2P/R1B2K1R b - - 5 22
3,1/2-1/2,1k1q2nQ/p7/np3p1p/8/P3BP2/7P/1PpbP2P/R1B2K1R w - - 6 23
3,1/2-1/2,1k1q2nQ/p7/np3p1p/8/P3BP2/7P/1PpBP2P/R4K1R b - - 0 23
3,1/2-1/2,1k1q2nQ/p7/1p3p1p/2n5/P3BP2/7P/1PpBP2P/R4K1R w - - 1 24
3,1/2-1/2,1k1q2nQ/p7/1p3p1p/2n5/P4P2/7P/1PBBP2P/R4K1R b - - 0 24
3,1/2-1/2,1k4nQ/p7/1p3p1p/2nq4/P4P2/7P/1PBBP2P/R4K1R w - - 1 25
3,1/2-1/2,1k4nQ/p7/1p3p1p/2nq4/P4P2/7P/1PBBP2P/R4KR1 b - - 2 25
3,1/2-1/2,1k4nQ/8/1p3p1p/p1nq4/P4P2/7P/1PBBP2P/R4KR1 w - - 0 26
3,1/2-1/2,1k4RQ/8/1p3p1p/p1nq4/P4P2/7P/1PBBP2P/R4K2 b - - 0 26
3,1/2-1/2,6RQ/2k5/1p3p1p/p1nq4/P4P2/7P/1PBBP2P/R4K2 w - - 1 27
3,1/2-1/2,7Q/2k3R1/1p3p1p/p1nq4/P4P2/7P/1PBBP2P/R4K2 b - - 2 27
3,1/2-1/2,7Q/6R1/1p1k1p1p/p1nq4/P4P2/7P/1PBBP2P/R4K2 w - - 3 28
3,1/2-1/2,3Q4/6R1/1p1k1p1p/p1nq4/P4P2/7P/1PBBP2P/R4K2 b - - 4 28
3,1/2-1/2,3Q4/6R1/1pk2p1p/p1nq4/P4P2/7P/1PBBP2P/R4K2 w - - 5 29
3,1/2-1/2,8/6R1/1pk2Q1p/p1nq4/P4P2/7P/1PBBP2P/R4K2 b - - 0 29
3,1/2-1/2,8/6R1/1pk1qQ1p/p1n5/P4P2/7P/1PBBP2P/R4K2 w - - 1 30
3,1/2-1/2,8/6R1/1pk1Q2p/p1n5/P4P2/7P/1PBBP2P/R4K2 b - - 0 30
3,1/2-1/2,8/6R1/1pk1n2p/p7/P4P2/7P/1PBBP2P/R4K2 w - - 0 31
3,1/2-1/2,8/8/1pk1n2p/p7/P4P2/6RP/1PBBP2P/R4K2 b - - 1 31
3,1/2-1/2,5n2/8/1pk4p/p7/P4P2/6RP/1PBBP2P/R4K2 w - - 2 32
3,1/2-1/2,5n2/8/1pk4p/p7/P4P2/4R2P/1PBBP2P/R4K2 b - - 3 32
3,1/2-1/2,5n2/8/1p1k3p/p7/P4P2/4R2P/1PBBP2P/R4K2 w - - 4 33
3,1/2-1/2,5n2/8/1p1k3p/p7/P4P2/4R2P/1PBBP2P/R5K1 b - - 5 33
3,1/2-1/2,5n2/8/1p5p/p1k5/P4P2/4R2P/1PBBP2P/R5K1 w - - 6 34
3,1/2-1/2,5n2/8/1p5p/p1k5/P4P2/4R2P/1PBBP2P/4R1K1 b - - 7 34
3,1/2-1/2,5n2/8/1p5p/p7/P1k2P2/4R2P/1PBBP2P/4R1K1 w - - 8 35
3,1/2-1/2,5n2/8/1p5p/p7/P1k2P2/4R2P/1PBBP1KP/4R3 b - - 9 35
3,1/2-1/2,5n2/8/1p6/p6p/P1k2P2/4R2P/1PBBP1KP/4R3 w - - 0 36
3,1/2-1/2,5n2/8/1p6/p6p/P1k2P1P/4R3/1PBBP1KP/4R3 b - - 0 36
3,1/2-1/2,8/3n4/1p6/p6p/P1k2P1P/4R3/1PBBP1KP/4R3 w - - 1 37
3,1/2-1/2,8/3n4/1p6/p6p/P1k2P1P/4RK2/1PBBP2P/4R3 b - - 2 37
3,1/2-1/2,8/3n4/1p6/p1k4p/P4P1P/4RK2/1PBBP2P/4R3 w - - 3 38
3,1/2-1/2,8/3n4/1p6/p1k4p/P4P1P/4RK2/1PBBP2P/1R6 b - - 4 38
3,1/2-1/2,8/3n4/1p6/p6p/P1k2P1P/4RK2/1PBBP2P/1R6 w - - 5 39
3,1/2-1/2,8/3n4/1p6/p6p/P1k2P1P/1P2RK2/2BBP2P/1R6 b - - 0 39
3,1/2-1/2,8/3n4/1p6/p2k3p/P4P1P/1P2RK2/2BBP2P/1R6 w - - 1 40
3,1/2-1/2,8/3nR3/1p6/p2k3p/P4P1P/1P3K2/2BBP2P/1R6 b - - 2 40
3,1/2-1/2,8/4R3/1p3n2/p2k3p/P4P1P/1P3K2/2BBP2P/1R6 w - - 3 41
3,1/2-1/2,8/4R3/1p3n2/p2k3p/P4P1P/1PB2K2/2B1P2P/1R6 b - - 4 41
3,1/2-1/2,8/4R3/1p6/p2k3p/P4PnP/1PB2K2/2B1P2P/1R6 w - - 5 42
3,1/2-1/2,8/4R3/1p6/p2k3p/P4PnP/1PB2K1P/2B1P3/1R6 b - - 0 42
3,1/2-1/2,8/4R3/1p6/p2k3p/P4P1P/1PB2K1P/2B1P2n/1R6 w - - 1 43
3,1/2-1/2,8/4R3/1p6/p2k3p/P4P1P/1PB3KP/2B1P2n/1R6 b - - 2 43
3,1/2-1/2,8/4R3/1p1k4/p6p/P4P1P/1PB3KP/2B1P2n/1R6 w - - 3 44
3,1/2-1/2,8/8/1p1k4/p3R2p/P4P1P/1PB3KP/2B1P2n/1R6 b - - 4 44
3,1/2-1/2,8/8/1p1k4/p3R2p/P4PnP/1PB3KP/2B1P3/1R6 w - - 5 45
3,1/2-1/2,8/8/1p1k4/p3R2p/P4PPP/1PB3K1/2B1P3/1R6 b - - 0 45
3,1/2-1/2,8/8/1p1k4/p3R3/P4PpP/1PB3K1/2B1P3/1R6 w - - 0 46
3,1/2-1/2,8/8/1p1k4/p3R3/P4PpP/1PB3K1/2B1P3/7R b - - 1 46
3,1/2-1/2,8/8/1pk5/p3R3/P4PpP/1PB3K1/2B1P3/7R w - - 2 47
3,1/2-1/2,8/8/1pk5/p3R3/P4PpP/1PBB2K1/4P3/7R b - - 3 47
3,1/2-1/2,8/2k5/1p6/p3R3/P4PpP/1PBB2K1/4P3/7R w - - 4 48
3,1/2-1/2,8/2k5/1p6/p7/P4PpP/1PBBR1K1/4P3/7R b - - 5 48
3,1/2-1/2,8/1k6/1p6/p7/P4PpP/1PBBR1K1/4P3/7R w - - 6 49
3,1/2-1/2,8/1k6/1p3B2/p7/P4PpP/1P1BR1K1/4P3/7R b - - 7 49
3,1/2-1/2,2k5/8/1p3B2/p7/P4PpP/1P1BR1K1/4P3/7R w - - 8 50
3,1/2-1/2,2k5/8/1p3B2/p7/P3BPpP/1P2R1K1/4P3/7R b - - 9 50
3,1/2-1/2,1k6/8/1p3B2/p7/P3BPpP/1P2R1K1/4P3/7R w - - 10 51
3,1/2-1/2,1k6/8/1p3B2/p7/P3BPpP/1P2R1K1/4P3/6R1 b - - 11 51
3,1/2-1/2,1k6/8/5B2/pp6/P3BPpP/1P2R1K1/4P3/6R1 w - - 0 52
3,1/2-1/2,1k6/8/5B2/pP6/4BPpP/1P2R1K1/4P3/6R1 b - - 0 52
3,1/2-1/2,2k5/8/5B2/pP6/4BPpP/1P2R1K1/4P3/6R1 w - - 1 53
3,1/2-1/2,2k5/8/5B2/pP6/5PpP/1P2R1K1/4P3/6RB b - - 2 53
3,1/2-1/2,8/3k4/5B2/pP6/5PpP/1P2R1K1/4P3/6RB w - - 3 54
3,1/2-1/2,8/3kB3/8/pP6/5PpP/1P2R1K1/4P3/6RB b - - 4 54
3,1/2-1/2,8/3kB3/8/1P6/p4PpP/1P2R1K1/4P3/6RB w - - 0 55
3,1/2-1/2,8/3kB3/8/1P6/P4PpP/4R1K1/4P3/6RB b - - 0 55
3,1/2-1/2,8/2k1B3/8/1P6/P4PpP/4R1K1/4P3/6RB w - - 1 56
3,1/2-1/2,8/2k1B3/8/1P6/P4PpP/4R3/4P2K/6RB b - - 2 56
3,1/2-1/2,2k5/4B3/8/1P6/P4PpP/4R3/4P2K/6RB w - - 3 57
3,1/2-1/2,2k2B2/8/8/1P6/P4PpP/4R3/4P2K/6RB b - - 4 57
3,1/2-1/2,3k1B2/8/8/1P6/P4PpP/4R3/4P2K/6RB w - - 5 58
3,1/2-1/2,3k4/8/8/1PB5/P4PpP/4R3/4P2K/6RB b - - 6 58
3,1/2-1/2,8/3k4/8/1PB5/P4PpP/4R3/4P2K/6RB w - - 7 59
3,1/2-1/2,8/3k4/8/1P6/P4PpP/B3R3/4P2K/6RB b - - 8 59
3,1/2-1/2,8/3k4/8/1P6/P4P1P/B3R1p1/4P2K/6RB w - - 0 60
3,1/2-1/2,8/3k4/8/1P6/P4P1P/B3R1K1/4P3/6RB b - - 0 60
3,1/2-1/2,3k4/8/8/1P6/P4P1P/B3R1K1/4P3/6RB w - - 1 61
3,1/2-1/2,3k4/8/3B4/1P6/P4P1P/4R1K1/4P3/6RB b - - 2 61
3,1/2-1/2,2k5/8/3B4/1P6/P4P1P/4R1K1/4P3/6RB w - - 3 62
3,1/2-1/2,2k5/8/3B4/1P1B4/P4P1P/4R1K1/4P3/6R1 b - - 4 62
3,1/2-1/2,3k4/8/3B4/1P1B4/P4P1P/4R1K1/4P3/6R1 w - - 5 63
3,1/2-1/2,3k4/8/3B4/1P1BR3/P4P1P/6K1/4P3/6R1 b - - 6 63
3,1/2-1/2,8/3k4/3B4/1P1BR3/P4P1P/6K1/4P3/6R1 w - - 7 64
3,1/2-1/2,8/3kB3/8/1P1BR3/P4P1P/6K1/4P3/6R1 b - - 8 64
3,1/2-1/2,8/2k1B3/8/1P1BR3/P4P1P/6K1/4P3/6R1 w - - 9 65
3,1/2-1/2,8/2k5/5B2/1P1BR3/P4P1P/6K1/4P3/6R1 b - - 10 65
3,1/2-1/2,8/8/3k1B2/1P1BR3/P4P1P/6K1/4P3/6R1 w - - 11 66
3,1/2-1/2,8/8/3k1B2/1P2R3/P4P1P/6K1/4P3/6RB b - - 12 66
3,1/2-1/2,8/3k4/5B2/1P2R3/P4P1P/6K1/4P3/6RB w - - 13 67
3,1/2-1/2,8/3k4/1P3B2/4R3/P4P1P/6K1/4P3/6RB b - - 0 67
3,1/2-1/2,2k5/8/1P3B2/4R3/P4P1P/6K1/4P3/6RB w - - 1 68
3,1/2-1/2,2k5/8/1P3B2/4R3/P4P1P/7K/4P3/6RB b - - 2 68
3,1/2-1/2,8/3k4/1P3B2/4R3/P4P1P/7K/4P3/6RB w - - 3 69
3,1/2-1/2,8/3k4/1P3B2/4R3/P4PKP/8/4P3/6RB b - - 4 69
3,1/2-1/2,8/8/1P1k1B2/4R3/P4PKP/8/4P3/6RB w - - 5 70
3,1/2-1/2,8/8/1P1k1B2/4R2K/P4P1P/8/4P3/6RB b - - 6 70
3,1/2-1/2,8/3k4/1P3B2/4R2K/P4P1P/8/4P3/6RB w - - 7 71
3,1/2-1/2,8/3k4/1P3B2/P3R2K/5P1P/8/4P3/6RB b - - 0 71
3,1/2-1/2,2k5/8/1P3B2/P3R2K/5P1P/8/4P3/6RB w - - 1 72
3,1/2-1/2,2k5/6R1/1P3B2/P3R2K/5P1P/8/4P3/7B b - - 2 72
3,1/2-1/2,1k6/6R1/1P3B2/P3R2K/5P1P/8/4P3/7B w - - 3 73
3,1/2-1/2,1k6/6R1/1P3B1K/P3R3/5P1P/8/4P3/7B b - - 4 73
3,1/2-1/2,2k5/6R1/1P3B1K/P3R3/5P1P/8/4P3/7B w - - 5 74
3,1/2-1/2,2k5/8/1P3BRK/P3R3/5P1P/8/4P3/7B b - - 6 74
3,1/2-1/2,8/3k4/1P3BRK/P3R3/5P1P/8/4P3/7B w - - 7 75
3,1/2-1/2,8/3k4/1P3BRK/P3R2P/5P2/8/4P3/7B b - - 0 75
3,1/2-1/2,2k5/8/1P3BRK/P3R2P/5P2/8/4P3/7B w - - 1 76
3,1/2-1/2,2k5/8/1PB2BRK/P3R2P/5P2/8/4P3/8 b - - 2 76
3,1/2-1/2,1k6/8/1PB2BRK/P3R2P/5P2/8/4P3/8 w - - 3 77
3,1/2-1/2,1k6/8/1PB2BRK/P3R2P/5P2/4P3/8/8 b - - 0 77
3,1/2-1/2,2k5/8/1PB2BRK/P3R2P/5P2/4P3/8/8 w - - 1 78
3,1/2-1/2,2k5/8/1PB2BRK/P2R3P/5P2/4P3/8/8 b - - 2 78
3,1/2-1/2,1k6/8/1PB2BRK/P2R3P/5P2/4P3/8/8 w - - 3 79
3,1/2-1/2,1k6/8/1PB2B1K/P2R3P/5P2/4P3/8/6R1 b - - 4 79
3,1/2-1/2,2k5/8/1PB2B1K/P2R3P/5P2/4P3/8/6R1 w - - 5 80
3,1/2-1/2,2k5/8/1PB2B1K/P5RP/5P2/4P3/8/6R1 b - - 6 80
3,1/2-1/2,1k6/8/1PB2B1K/P5RP/5P2/4P3/8/6R1 w - - 7 81
3,1/2-1/2,1k6/8/1PB2B1K/P6P/5P2/4P3/6R1/6R1 b - - 8 81
3,1/2-1/2,2k5/8/1PB2B1K/P6P/5P2/4P3/6R1/6R1 w - - 9 82
3,1/2-1/2,2k5/8/1P3B1K/P2B3P/5P2/4P3/6R1/6R1 b - - 10 82
3,1/2-1/2,1k6/8/1P3B1K/P2B3P/5P2/4P3/6R1/6R1 w - - 11 83
3,1/2-1/2,1k6/1P6/5B1K/P2B3P/5P2/4P3/6R1/6R1 b - - 0 83
3,1/2-1/2,8/kP6/5B1K/P2B3P/5P2/4P3/6R1/6R1 w - - 1 84
3,1/2-1/2,8/kP6/7K/P2BB2P/5P2/4P3/6R1/6R1 b - - 2 84
3,1/2-1/2,8/1P6/k6K/P2BB2P/5P2/4P3/6R1/6R1 w - - 3 85
3,1/2-1/2,8/1P6/k6K/P2BB2P/5P2/4P3/6R1/R7 b - - 4 85
3,1/2-1/2,8/1P6/7K/Pk1BB2P/5P2/4P3/6R1/R7 w - - 5 86
3,1/2-1/2,8/1P6/7K/Pk2B2P/5P2/4PB2/6R1/R7 b - - 6 86
3,1/2-1/2,8/1P6/7K/P1k1B2P/5P2/4PB2/6R1/R7 w - - 7 87
3,1/2-1/2,8/1P6/7K/P1k1B2P/5P2/4PBR1/8/R7 b - - 8 87
3,1/2-1/2,8/1P6/7K/Pk2B2P/5P2/4PBR1/8/R7 w - - 9 88
3,1/2-1/2,8/1P6/7K/Pk2B2P/5P2/4P1R1/4B3/R7 b - - 10 88
3,1/2-1/2,8/1P6/7K/P3B2P/1k3P2/4P1R1/4B3/R7 w - - 11 89
3,1/2-1/2,8/1P4K1/8/P3B2P/1k3P2/4P1R1/4B3/R7 b - - 12 89
3,1/2-1/2,8/1P4K1/8/P3B2P/5P2/1k2P1R1/4B3/R7 w - - 13 90
3,1/2-1/2,8/1P4K1/8/P6P/3B1P2/1k2P1R1/4B3/R7 b - - 14 90
3,1/2-1/2,8/1P4K1/8/P6P/1k1B1P2/4P1R1/4B3/R7 w - - 15 91
3,1/2-1/2,5K2/1P6/8/P6P/1k1B1P2/4P1R1/4B3/R7 b - - 16 91
3,1/2-1/2,5K2/1P6/8/P6P/3B1P2/1k2P1R1/4B3/R7 w - - 17 92
3,1/2-1/2,5K2/1P4R1/8/P6P/3B1P2/1k2P3/4B3/R7 b - - 18 92
3,1/2-1/2,5K2/1P4R1/8/P6P/1k1B1P2/4P3/4B3/R7 w - - 19 93
3,1/2-1/2,5K2/1P6/8/P6P/1k1B1PR1/4P3/4B3/R7 b - - 20 93
3,1/2-1/2,5K2/1P6/8/P6P/3B1PR1/1k2P3/4B3/R7 w - - 21 94
3,1/2-1/2,5K2/1P6/7P/P7/3B1PR1/1k2P3/4B3/R7 b - - 0 94
3,1/2-1/2,5K2/1P6/7P/P7/3B1PR1/4P3/2k1B3/R7 w - - 1 95
3,1/2-1/2,1Q3K2/8/7P/P7/3B1PR1/4P3/2k1B3/R7 b - - 0 95
3,1/2-1/2,1Q3K2/8/7P/P7/3B1PR1/4P3/3kB3/R7 w - - 1 96
3,1/2-1/2,1Q3K2/7P/8/P7/3B1PR1/4P3/3kB3/R7 b - - 0 96
3,1/2-1/2,1Q3K2/7P/8/P7/3B1PR1/4P3/4k3/R7 w - - 0 97
3,1/2-1/2,1Q3K1Q/8/8/P7/3B1PR1/4P3/4k3/R7 b - - 0 97
3,1/2-1/2,1Q3K1Q/8/8/P7/3B1PR1/3kP3/8/R7 w - - 1 98
3,1/2-1/2,5K1Q/2Q5/8/P7/3B1PR1/3kP3/8/R7 b - - 2 98
3,1/2-1/2,5K1Q/2Q5/8/P7/3B1PR1/4P3/4k3/R7 w - - 3 99
3,1/2-1/2,7Q/2Q3K1/8/P7/3B1PR1/4P3/4k3/R7 b - - 4 99
3,1/2-1/2,7Q/2Q3K1/8/P7/3B1PR1/3kP3/8/R7 w - - 5 100
3,1/2-1/2,7Q/2Q3K1/8/P1B5/5PR1/3kP3/8/R7 b - - 6 100
3,1/2-1/2,7Q/2Q3K1/8/P1B5/5PR1/4P3/4k3/R7 w - - 7 101
3,1/2-1/2,5K1Q/2Q5/8/P1B5/5PR1/4P3/4k3/R7 b - - 8 101
3,1/2-1/2,5K1Q/2Q5/8/P1B5/5PR1/3kP3/8/R7 w - - 9 102
3,1/2-1/2,7Q/2Q3K1/8/P1B5/5PR1/3kP3/8/R7 b - - 10 102
3,1/2-1/2,7Q/2Q3K1/8/P1B5/5PR1/4P3/3k4/R7 w - - 11 103
3,1/2-1/2,7Q/2Q3K1/8/P1B5/R4PR1/4P3/3k4/8 b - - 12 103
3,1/2-1/2,7Q/2Q3K1/8/P1B5/R4PR1/4P3/4k3/8 w - - 13 104
3,1/2-1/2,7Q/1Q4K1/8/P1B5/R4PR1/4P3/4k3/8 b - - 14 104
3,1/2-1/2,7Q/1Q4K1/8/P1B5/R4PR1/4P3/8/5k2 w - - 15 105
3,1/2-1/2,7Q/1Q4K1/8/P1B5/5PR1/4P3/R7/5k2 b - - 16 105
3,1/2-1/2,7Q/1Q4K1/8/P1B5/5PR1/4P3/R7/4k3 w - - 17 106
3,1/2-1/2,7Q/6K1/8/P1B5/1Q3PR1/4P3/R7/4k3 b - - 18 106
3,1/2-1/2,7Q/6K1/8/P1B5/1Q3PR1/4P3/R7/5k2 w - - 19 107
3,1/2-1/2,7Q/6K1/8/P1B5/Q4PR1/4P3/R7/5k2 b - - 20 107
3,1/2-1/2,7Q/6K1/8/P1B5/Q4PR1/4P3/R7/4k3 w - - 21 108
3,1/2-1/2,7Q/6K1/8/P1B5/Q4P2/4P3/R5R1/4k3 b - - 22 108
3,1/2-1/2,7Q/6K1/8/P1B5/Q4P2/4P3/R5R1/5k2 w - - 23 109
3,1/2-1/2,7Q/6K1/8/P1B5/Q4P2/4P1R1/R7/5k2 b - - 24 109
3,1/2-1/2,7Q/6K1/8/P1B5/Q4P2/4P1R1/R7/4k3 w - - 25 110
3,1/2-1/2,7Q/8/5K2/P1B5/Q4P2/4P1R1/R7/4k3 b - - 26 110
3,1/2-1/2,7Q/8/5K2/P1B5/Q4P2/4P1R1/R7/5k2 w - - 27 111
3,1/2-1/2,3Q4/8/5K2/P1B5/Q4P2/4P1R1/R7/5k2 b - - 28 111
3,1/2-1/2,3Q4/8/5K2/P1B5/Q4P2/4P1R1/R7/4k3 w - - 29 112
3,1/2-1/2,3Q4/8/5K2/P1B5/5P2/1Q2P1R1/R7/4k3 b - - 30 112
3,1/2-1/2,3Q4/8/5K2/P1B5/5P2/1Q2P1R1/R7/5k2 w - - 31 113
3,1/2-1/2,3Q4/5K2/8/P1B5/5P2/1Q2P1R1/R7/5k2 b - - 32 113
3,1/2-1/2,3Q4/5K2/8/P1B5/5P2/1Q2P1R1/R7/4k3 w - - 33 114
3,1/2-1/2,3Q2R1/5K2/8/P1B5/5P2/1Q2P3/R7/4k3 b - - 34 114
3,1/2-1/2,3Q2R1/5K2/8/P1B5/5P2/1Q2P3/R7/5k2 w - - 35 115
3,1/2-1/2,3Q2R1/5K2/8/P1B5/5P2/RQ2P3/8/5k2 b - - 36 115
3,1/2-1/2,3Q2R1/5K2/8/P1B5/5P2/RQ2P3/8/4k3 w - - 37 116
3,1/2-1/2,3QK1R1/8/8/P1B5/5P2/RQ2P3/8/4k3 b - - 38 116
3,1/2-1/2,3QK1R1/8/8/P1B5/5P2/RQ2P3/4k3/8 w - - 39 117
3,1/2-1/2,3QK3/8/8/P1B5/5P2/RQ2P3/4k1R1/8 b - - 40 117
3,1/2-1/2,3QK3/8/8/P1B5/5P2/RQ2P3/6R1/4k3 w - - 41 118
3,1/2-1/2,3QK3/8/8/P1B5/5P2/R2QP3/6R1/4k3 b - - 42 118
4,1/2-1/2,rnbqkbnr/pppppppp/8/8/8/8/PPPPPPPP/RNBQKBNR w KQkq - 0 1
4,1/2-1/2,rnbqkbnr/pppppppp/8/8/3P4/8/PPP1PPPP/RNBQKBNR b KQkq - 0 1
4,1/2-1/2,rnbqkbnr/ppp1pppp/3p4/8/3P4/8/PPP1PPPP/RNBQKBNR w KQkq - 0 2
4,1/2-1/2,rnbqkbnr/ppp1pppp/3p4/8/3P4/4P3/PPP2PPP/RNBQKBNR b KQkq - 0 2
4,1/2-1/2,rnbqkbnr/ppp1p1pp/3p4/5p2/3P4/4P3/PPP2PPP/RNBQKBNR w KQkq - 0 3
4,1/2-1/2,rnbqkbnr/ppp1p1pp/3p4/5p2/3P4/4P3/PPP1QPPP/RNB1KBNR b KQkq - 1 3
4,1/2-1/2,rn1qkbnr/pppbp1pp/3p4/5p2/3P4/4P3/PPP1QPPP/RNB1KBNR w KQkq - 2 4
4,1/2-1/2,rn1qkbnr/pppbp1pp/3p4/5p2/3P4/4P2N/PPP1QPPP/RNB1KB1R b KQkq - 3 4
4,1/2-1/2,rn1qkbnr/ppp1p1pp/3p4/5p2/b2P4/4P2N/PPP1QPPP/RNB1KB1R w KQkq - 4 5
4,1/2-1/2,rn1qkbnr/ppp1p1pp/3p4/5p2/b2P4/2N1P2N/PPP1QPPP/R1B1KB1R b KQkq - 5 5
4,1/2-1/2,rn1qkbnr/ppp1p1pp/2bp4/5p2/3P4/2N1P2N/PPP1QPPP/R1B1KB1R w KQkq - 6 6
4,1/2-1/2,rn1qkbnr/ppp1p1pp/2bp4/5p2/3P4/2N1P2N/PPP1QPPP/R1B1KBR1 b Qkq - 7 6
4,1/2-1/2,r2qkbnr/ppp1p1pp/n1bp4/5p2/3P4/2N1P2N/PPP1QPPP/R1B1KBR1 w Qkq - 8 7
4,1/2-1/2,r2qkbnr/ppp1p1pp/n1bp4/5pN1/3P4/2N1P3/PPP1QPPP/R1B1KBR1 b Qkq - 9 7
4,1/2-1/2,2rqkbnr/ppp1p1pp/n1bp4/5pN1/3P4/2N1P3/PPP1QPPP/R1B1KBR1 w Qk - 10 8
4,1/2-1/2,2rqkbnr/ppp1p1pp/n1bpN3/5p2/3P4/2N1P3/PPP1QPPP/R1B1KBR1 b Qk - 11 8
4,1/2-1/2,2r1kbnr/pppqp1pp/n1bpN3/5p2/3P4/2N1P3/PPP1QPPP/R1B1KBR1 w Qk - 12 9
4,1/2-1/2,2r1kbnr/pppqp1pp/n1bp4/5p2/3P1N2/2N1P3/PPP1QPPP/R1B1KBR1 b Qk - 13 9
4,1/2-1/2,2r1kb1r/pppqp1pp/n1bp1n2/5p2/3P1N2/2N1P3/PPP1QPPP/R1B1KBR1 w Qk - 14 10
4,1/2-1/2,2r1kb1r/pppqp1pp/n1bp1n2/5p2/3P1N2/2N1P3/PPPBQPPP/R3KBR1 b Qk - 15 10
4,1/2-1/2,2r1kb1r/pppqp1pp/n1bp4/5p2/3P1Nn1/2N1P3/PPPBQPPP/R3KBR1 w Qk - 16 11
4,1/2-1/2,2r1kb1r/pppqp1pp/n1bp4/5p2/3P1Nn1/2N1P2P/PPPBQPP1/R3KBR1 b Qk - 0 11
4,1/2-1/2,2r1kb1r/pppq2pp/n1bp4/4pp2/3P1Nn1/2N1P2P/PPPBQPP1/R3KBR1 w Qk - 0 12
4,1/2-1/2,2r1kb1r/pppq2pp/n1bp4/4pp2/3P1NP1/2N1P3/PPPBQPP1/R3KBR1 b Qk - 0 12
4,1/2-1/2,2r1kb1r/pppq2pp/n1bp4/5p2/3P1pP1/2N1P3/PPPBQPP1/R3KBR1 w Qk - 0 13
4,1/2-1/2,2r1kb1r/pppq2pp/n1bp4/5P2/3P1p2/2N1P3/PPPBQPP1/R3KBR1 b Qk - 0 13
4,1/2-1/2,2r1kb1r/ppp3pp/n1bp4/5q2/3P1p2/2N1P3/PPPBQPP1/R3KBR1 w Qk - 0 14
4,1/2-1/2,2r1kb1r/ppp3pp/n1bp4/5q2/3P1p2/2N1P3/PPP1QPP1/R1B1KBR1 b Qk - 1 14
4,1/2-1/2,2r1kb1r/ppp3pp/n1bp4/5q2/3P4/2N1p3/PPP1QPP1/R1B1KBR1 w Qk - 0 15
4,1/2-1/2,2r1kb1r/ppp3pp/n1bp4/5q2/3P4/2N1Q3/PPP2PP1/R1B1KBR1 b Qk - 0 15
4,1/2-1/2,2rk1b1r/ppp3pp/n1bp4/5q2/3P4/2N1Q3/PPP2PP1/R1B1KBR1 w Q - 1 16
4,1/2-1/2,2rk1b1r/ppp3pp/n1bp4/5qQ1/3P4/2N5/PPP2PP1/R1B1KBR1 b Q - 2 16
4,1/2-1/2,2rk1b1r/ppp3pp/n1bp1q2/6Q1/3P4/2N5/PPP2PP1/R1B1KBR1 w Q - 3 17
4,1/2-1/2,2rk1b1r/ppp3pp/n1bp1q2/6Q1/3P2P1/2N5/PPP2P2/R1B1KBR1 b Q - 0 17
4,1/2-1/2,2rk1b1r/ppp3pp/2bp1q2/2n3Q1/3P2P1/2N5/PPP2P2/R1B1KBR1 w Q - 1 18
4,1/2-1/2,2rk1b1r/ppp3pp/2bp1Q2/2n5/3P2P1/2N5/PPP2P2/R1B1KBR1 b Q - 0 18
4,1/2-1/2,2rk1b1r/ppp4p/2bp1p2/2n5/3P2P1/2N5/PPP2P2/R1B1KBR1 w Q - 0 19
4,1/2-1/2,2rk1b1r/ppp4p/2bp1p2/2P5/6P1/2N5/PPP2P2/R1B1KBR1 b Q - 0 19
4,1/2-1/2,2rk1b1r/ppp4p/2b2p2/2p5/6P1/2N5/PPP2P2/R1B1KBR1 w Q - 0 20
4,1/2-1/2,2rk1b1r/ppp4p/2b2p2/1Np5/6P1/8/PPP2P2/R1B1KBR1 b Q - 1 20
4,1/2-1/2,2rk1br1/ppp4p/2b2p2/1Np5/6P1/8/PPP2P2/R1B1KBR1 w Q - 2 21
4,1/2-1/2,2rk1br1/Npp4p/2b2p2/2p5/6P1/8/PPP2P2/R1B1KBR1 b Q - 0 21
4,1/2-1/2,r2k1br1/Npp4p/2b2p2/2p5/6P1/8/PPP2P2/R1B1KBR1 w Q - 1 22
4,1/2-1/2,r2k1br1/Npp4p/2b2p2/2p5/2B3P1/8/PPP2P2/R1B1K1R1 b Q - 2 22
4,1/2-1/2,r2k1b1r/Npp4p/2b2p2/2p5/2B3P1/8/PPP2P2/R1B1K1R1 w Q - 3 23
4,1/2-1/2,r2k1b1r/1pp4p/2N2p2/2p5/2B3P1/8/PPP2P2/R1B1K1R1 b Q - 0 23
4,1/2-1/2,r2k1b1r/2p4p/2p2p2/2p5/2B3P1/8/PPP2P2/R1B1K1R1 w Q - 0 24
4,1/2-1/2,r2k1b1r/2p4p/2p2p2/2p5/2B2BP1/8/PPP2P2/R3K1R1 b Q - 1 24
4,1/2-1/2,r2k1b1r/2p4p/2p5/2p2p2/2B2BP1/8/PPP2P2/R3K1R1 w Q - 0 25
4,1/2-1/2,r2k1b1r/2p4p/2p5/2p1Bp2/2B3P1/8/PPP2P2/R3K1R1 b Q - 1 25
4,1/2-1/2,3k1b1r/2p4p/2p5/2p1Bp2/r1B3P1/8/PPP2P2/R3K1R1 w Q - 2 26
4,1/2-1/2,3k1b1r/2p4p/2p5/2p1Bp2/r1B3P1/8/PPP2P2/3RK1R1 b - - 3 26
4,1/2-1/2,4kb1r/2p4p/2p5/2p1Bp2/r1B3P1/8/PPP2P2/3RK1R1 w - - 4 27
4,1/2-1/2,4kb1B/2p4p/2p5/2p2p2/r1B3P1/8/PPP2P2/3RK1R1 b - - 0 27
4,1/2-1/2,4kb1B/2p4p/2p5/2p2p2/2r3P1/8/PPP2P2/3RK1R1 w - - 0 28
4,1/2-1/2,4kb1B/2p4p/2p5/2p2p2/2r3P1/5P2/PPP5/3RK1R1 b - - 0 28
4,1/2-1/2,4kb1B/2p4p/2p5/2p5/2r2pP1/5P2/PPP5/3RK1R1 w - - 0 29
4,1/2-1/2,4kb2/2p4p/2p5/2p1B3/2r2pP1/5P2/PPP5/3RK1R1 b - - 1 29
4,1/2-1/2,4kb2/2p4p/2p5/2p1B3/5pP1/5P2/PPr5/3RK1R1 w - - 0 30
4,1/2-1/2,4kb2/2p4p/2p5/2p1B3/5pP1/P4P2/1Pr5/3RK1R1 b - - 0 30
4,1/2-1/2,4k3/2p1b2p/2p5/2p1B3/5pP1/P4P2/1Pr5/3RK1R1 w - - 1 31
4,1/2-1/2,4k3/2p1b2p/2p5/2p1B1P1/5p2/P4P2/1Pr5/3RK1R1 b - - 0 31
4,1/2-1/2,8/2p1bk1p/2p5/2p1B1P1/5p2/P4P2/1Pr5/3RK1R1 w - - 1 32
4,1/2-1/2,8/2p1bk1p/2p5/2p1B1P1/P4p2/5P2/1Pr5/3RK1R1 b - - 0 32
4,1/2-1/2,5k2/2p1b2p/2p5/2p1B1P1/P4p2/5P2/1Pr5/3RK1R1 w - - 1 33
4,1/2-1/2,5k2/2p1b2p/2p5/2p1B1P1/P4p2/5P2/1Pr5/3R1KR1 b - - 2 33
4,1/2-1/2,5k2/2p1b3/2p4p/2p1B1P1/P4p2/5P2/1Pr5/3R1KR1 w - - 0 34
4,1/2-1/2,5k2/2p1b3/2p4P/2p1B3/P4p2/5P2/1Pr5/3R1KR1 b - - 0 34
4,1/2-1/2,4k3/2p1b3/2p4P/2p1B3/P4p2/5P2/1Pr5/3R1KR1 w - - 1 35
4,1/2-1/2,4k3/2B1b3/2p4P/2p5/P4p2/5P2/1Pr5/3R1KR1 b - - 0 35
4,1/2-1/2,4k3/2B1b3/2p4P/2p5/P1r2p2/5P2/1P6/3R1KR1 w - - 1 36
4,1/2-1/2,4k3/2B1b3/2p4P/P1p5/2r2p2/5P2/1P6/3R1KR1 b - - 0 36
4,1/2-1/2,4k3/2B1b3/2p4P/P1p5/r4p2/5P2/1P6/3R1KR1 w - - 1 37
4,1/2-1/2,4k3/2B1b2P/2p5/P1p5/r4p2/5P2/1P6/3R1KR1 b - - 0 37
4,1/2-1/2,4k3/2B4P/2p2b2/P1p5/r4p2/5P2/1P6/3R1KR1 w - - 1 38
4,1/2-1/2,4k3/2B4P/2p2b2/P1p5/r4p2/5P2/1P4R1/3R1K2 b - - 2 38
4,1/2-1/2,5k2/2B4P/2p2b2/P1p5/r4p2/5P2/1P4R1/3R1K2 w - - 3 39
4,1/2-1/2,5k2/2B4P/2p2b2/P1p5/r4p2/5P2/1P1R4/3R1K2 b - - 4 39
4,1/2-1/2,4k3/2B4P/2p2b2/P1p5/r4p2/5P2/1P1R4/3R1K2 w - - 5 40
4,1/2-1/2,4k3/2B4P/2p2b2/P1p5/r4p2/5P2/1P4R1/3R1K2 b - - 6 40
4,1/2-1/2,4k3/2B4P/2p2b2/P1p5/2r2p2/5P2/1P4R1/3R1K2 w - - 7 41
4,1/2-1/2,4k3/2B4P/2p2b2/P1p5/2r2p2/5P2/1P2R3/3R1K2 b - - 8 41
4,1/2-1/2,8/2B2k1P/2p2b2/P1p5/2r2p2/5P2/1P2R3/3R1K2 w - - 9 42
4,1/2-1/2,3B4/5k1P/2p2b2/P1p5/2r2p2/5P2/1P2R3/3R1K2 b - - 10 42
4,1/2-1/2,3B3b/5k1P/2p5/P1p5/2r2p2/5P2/1P2R3/3R1K2 w - - 11 43
4,1/2-1/2,3B3b/3R1k1P/2p5/P1p5/2r2p2/5P2/1P2R3/5K2 b - - 12 43
4,1/2-1/2,3B1k1b/3R3P/2p5/P1p5/2r2p2/5P2/1P2R3/5K2 w - - 13 44
4,1/2-1/2,3B1k1b/3R3P/2p5/P1p5/2r2p2/1P3P2/4R3/5K2 b - - 0 44
4,1/2-1/2,3B1k1b/3R3P/2p5/P1p5/5p2/1Pr2P2/4R3/5K2 w - - 1 45
4,1/2-1/2,5k1b/3RB2P/2p5/P1p5/5p2/1Pr2P2/4R3/5K2 b - - 2 45
4,1/2-1/2,4k2b/3RB2P/2p5/P1p5/5p2/1Pr2P2/4R3/5K2 w - - 3 46
4,1/2-1/2,3Rk2b/4B2P/2p5/P1p5/5p2/1Pr2P2/4R3/5K2 b - - 4 46
4,1/2-1/2,3R3b/4Bk1P/2p5/P1p5/5p2/1Pr2P2/4R3/5K2 w - - 5 47
4,1/2-1/2,7R/4Bk1P/2p5/P1p5/5p2/1Pr2P2/4R3/5K2 b - - 0 47
4,1/2-1/2,7R/4Bk1P/2p5/P1p5/5p2/1P3r2/4R3/5K2 w - - 0 48
4,1/2-1/2,7R/4Bk1P/2p5/P1p5/5p2/1P3r2/4R1K1/8 b - - 1 48
4,1/2-1/2,7R/4Bk1P/2p5/P1p5/5p2/1P4r1/4R1K1/8 w - - 2 49
4,1/2-1/2,7R/4Bk1P/2p5/P1p5/5p2/1P4r1/4R3/7K b - - 3 49
4,1/2-1/2,7R/4B1kP/2p5/P1p5/5p2/1P4r1/4R3/7K w - - 4 50
4,1/2-1/2,4R3/4B1kP/2p5/P1p5/5p2/1P4r1/4R3/7K b - - 5 50
4,1/2-1/2,4R3/4B1kP/2p5/P1p5/5p2/1P5r/4R3/7K w - - 6 51
4,1/2-1/2,4R3/4B1kP/2p5/P1p5/5p2/1P5r/4R3/6K1 b - - 7 51
4,1/2-1/2,4R3/4B1kP/2p5/P1p5/5p2/1P4r1/4R3/6K1 w - - 8 52
4,1/2-1/2,4R3/4B1kP/2p5/P1p5/5p2/1P4r1/4R3/5K2 b - - 9 52
4,1/2-1/2,4R3/4B1kP/2p5/P1p5/5p2/1P3r2/4R3/5K2 w - - 10 53
4,1/2-1/2,4R3/4B1kP/2p5/P1p5/5p2/1P3r2/5R2/5K2 b - - 11 53
4,1/2-1/2,4R3/4B1kP/2p5/P1p5/5p2/1P6/5r2/5K2 w - - 0 54
4,1/2-1/2,4R3/4B1kP/2p5/P1p5/5p2/1P6/5K2/8 b - - 0 54
4,1/2-1/2,4R3/4B2k/2p5/P1p5/5p2/1P6/5K2/8 w - - 0 55
4,1/2-1/2,4RB2/7k/2p5/P1p5/5p2/1P6/5K2/8 b - - 1 55
4,1/2-1/2,4RB1k/8/2p5/P1p5/5p2/1P6/5K2/8 w - - 2 56
4,1/2-1/2,4R2k/8/2p5/P1B5/5p2/1P6/5K2/8 b - - 0 56
4,1/2-1/2,4R3/7k/2p5/P1B5/5p2/1P6/5K2/8 w - - 1 57
4,1/2-1/2,4R3/7k/2p5/P1B5/5p2/1P3K2/8/8 b - - 2 57
4,1/2-1/2,4R3/8/2p3k1/P1B5/5p2/1P3K2/8/8 w - - 3 58
4,1/2-1/2,8/8/2p3k1/P1B1R3/5p2/1P3K2/8/8 b - - 4 58
4,1/2-1/2,8/8/2p4k/P1B1R3/5p2/1P3K2/8/8 w - - 5 59
4,1/2-1/2,8/8/2p4k/P1B1R3/5pK1/1P6/8/8 b - - 6 59
4,1/2-1/2,8/7k/2p5/P1B1R3/5pK1/1P6/8/8 w - - 7 60
4,1/2-1/2,8/7k/1Bp5/P3R3/5pK1/1P6/8/8 b - - 8 60
4,1/2-1/2,8/7k/1Bp5/P3R3/6K1/1P3p2/8/8 w - - 0 61
4,1/2-1/2,8/7k/1Bp5/P4R2/6K1/1P3p2/8/8 b - - 1 61
4,1/2-1/2,8/8/1Bp3k1/P4R2/6K1/1P3p2/8/8 w - - 2 62
4,1/2-1/2,8/8/1Bp3k1/P1R5/6K1/1P3p2/8/8 b - - 3 62
4,1/2-1/2,8/5k2/1Bp5/P1R5/6K1/1P3p2/8/8 w - - 4 63
4,1/2-1/2,8/5k2/1Bp5/P1R5/8/1P3K2/8/8 b - - 0 63
4,1/2-1/2,8/8/1Bp3k1/P1R5/8/1P3K2/8/8 w - - 1 64
4,1/2-1/2,8/8/1Bp3k1/P7/8/1P3K2/8/2R5 b - - 2 64
4,1/2-1/2,8/8/1Bp5/P4k2/8/1P3K2/8/2R5 w - - 3 65
4,1/2-1/2,8/8/1Bp5/P4k2/8/1P6/5K2/2R5 b - - 4 65
4,1/2-1/2,8/8/1Bp3k1/P7/8/1P6/5K2/2R5 w - - 5 66
4,1/2-1/2,8/8/1Bp3k1/P7/8/1P6/6K1/2R5 b - - 6 66
4,1/2-1/2,8/8/1Bp4k/P7/8/1P6/6K1/2R5 w - - 7 67
4,1/2-1/2,8/8/1Bp4k/P7/8/1PR5/6K1/8 b - - 8 67
4,1/2-1/2,8/6k1/1Bp5/P7/8/1PR5/6K1/8 w - - 9 68
4,1/2-1/2,8/6k1/1Bp5/P7/8/1P6/2R3K1/8 b - - 10 68
4,1/2-1/2,8/8/1Bp3k1/P7/8/1P6/2R3K1/8 w - - 11 69
4,1/2-1/2,8/8/1Bp3k1/P7/8/1P6/6K1/2R5 b - - 12 69
4,1/2-1/2,8/5k2/1Bp5/P7/8/1P6/6K1/2R5 w - - 13 70
4,1/2-1/2,8/B4k2/2p5/P7/8/1P6/6K1/2R5 b - - 14 70
4,1/2-1/2,8/B4k2/8/P1p5/8/1P6/6K1/2R5 w - - 0 71
4,1/2-1/2,8/B4k2/8/P1p5/8/1P6/6K1/3R4 b - - 1 71
4,1/2-1/2,8/B3k3/8/P1p5/8/1P6/6K1/3R4 w - - 2 72
4,1/2-1/2,8/B3k3/8/P1p5/8/1P6/8/3R2K1 b - - 3 72
4,1/2-1/2,8/B7/5k2/P1p5/8/1P6/8/3R2K1 w - - 4 73
4,1/2-1/2,8/8/1B3k2/P1p5/8/1P6/8/3R2K1 b - - 5 73
4,1/2-1/2,8/8/1B6/P1p3k1/8/1P6/8/3R2K1 w - - 6 74
4,1/2-1/2,8/8/PB6/2p3k1/8/1P6/8/3R2K1 b - - 0 74
4,1/2-1/2,8/8/PB3k2/2p5/8/1P6/8/3R2K1 w - - 1 75
4,1/2-1/2,8/P7/1B3k2/2p5/8/1P6/8/3R2K1 b - - 0 75
4,1/2-1/2,8/P7/1B3k2/8/2p5/1P6/8/3R2K1 w - - 0 76
4,1/2-1/2,8/P7/1B3k2/8/2P5/8/8/3R2K1 b - - 0 76
4,1/2-1/2,8/P7/1B6/6k1/2P5/8/8/3R2K1 w - - 1 77
4,1/2-1/2,8/P7/1B6/6k1/2P5/8/7K/3R4 b - - 2 77
4,1/2-1/2,8/P7/1B3k2/8/2P5/8/7K/3R4 w - - 3 78
4,1/2-1/2,8/P7/1B3k2/8/2P5/8/8/3R3K b - - 4 78
4,1/2-1/2,8/P4k2/1B6/8/2P5/8/8/3R3K w - - 5 79
4,1/2-1/2,8/P4k2/1B6/8/2P5/3R4/8/7K b - - 6 79
4,1/2-1/2,8/P7/1B2k3/8/2P5/3R4/8/7K w - - 7 80
4,1/2-1/2,8/P7/4k3/8/2P5/3RB3/8/7K b - - 8 80
4,1/2-1/2,8/P4k2/8/8/2P5/3RB3/8/7K w - - 9 81
4,1/2-1/2,8/P4k2/8/8/2P2B2/3R4/8/7K b - - 10 81
4,1/2-1/2,8/P3k3/8/8/2P2B2/3R4/8/7K w - - 11 82
4,1/2-1/2,8/P3k3/8/8/2P2B2/8/8/3R3K b - - 12 82
4,1/2-1/2,8/P4k2/8/8/2P2B2/8/8/3R3K w - - 13 83
4,1/2-1/2,8/P4k2/8/8/2P5/8/8/2BR3K b - - 14 83
4,1/2-1/2,6k1/P7/8/8/2P5/8/8/2BR3K w - - 15 84
4,1/2-1/2,6k1/P7/8/8/2P5/4B3/8/3R3K b - - 16 84
4,1/2-1/2,8/P6k/8/8/2P5/4B3/8/3R3K w - - 17 85
4,1/2-1/2,8/P6k/8/8/2P5/8/5B2/3R3K b - - 18 85
4,1/2-1/2,6k1/P7/8/8/2P5/8/5B2/3R3K w - - 19 86
4,1/2-1/2,6k1/P7/3R4/8/2P5/8/5B2/7K b - - 20 86
4,1/2-1/2,5k2/P7/3R4/8/2P5/8/5B2/7K w - - 21 87
4,1/2-1/2,5k2/P7/2R5/8/2P5/8/5B2/7K b - - 22 87
4,1/2-1/2,8/P5k1/2R5/8/2P5/8/5B2/7K w - - 23 88
4,1/2-1/2,8/P5k1/2R5/8/2P5/8/5B2/6K1 b - - 24 88
4,1/2-1/2,8/P6k/2R5/8/2P5/8/5B2/6K1 w - - 25 89
4,1/2-1/2,8/P6k/1R6/8/2P5/8/5B2/6K1 b - - 26 89
4,1/2-1/2,7k/P7/1R6/8/2P5/8/5B2/6K1 w - - 27 90
4,1/2-1/2,7k/P7/3R4/8/2P5/8/5B2/6K1 b - - 28 90
4,1/2-1/2,8/P5k1/3R4/8/2P5/8/5B2/6K1 w - - 29 91
4,1/2-1/2,8/P5k1/R7/8/2P5/8/5B2/6K1 b - - 30 91
4,1/2-1/2,6k1/P7/R7/8/2P5/8/5B2/6K1 w - - 31 92
4,1/2-1/2,6k1/P7/RB6/8/2P5/8/8/6K1 b - - 32 92
4,1/2-1/2,5k2/P7/RB6/8/2P5/8/8/6K1 w - - 33 93
4,1/2-1/2,5k2/P7/RB6/8/2P5/8/7K/8 b - - 34 93
4,1/2-1/2,4k3/P7/RB6/8/2P5/8/7K/8 w - - 35 94
4,1/2-1/2,4k3/P7/1B6/8/R1P5/8/7K/8 b - - 36 94
4,1/2-1/2,8/P4k2/1B6/8/R1P5/8/7K/8 w - - 37 95
4,1/2-1/2,8/P4k2/8/B7/R1P5/8/7K/8 b - - 38 95
4,1/2-1/2,4k3/P7/8/B7/R1P5/8/7K/8 w - - 39 96
4,1/2-1/2,Q3k3/8/8/B7/R1P5/8/7K/8 b - - 0 96
4,1/2-1/2,Q7/4k3/8/B7/R1P5/8/7K/8 w - - 1 97
4,1/2-1/2,8/4k3/8/B7/R1P1Q3/8/7K/8 b - - 2 97
4,1/2-1/2,8/8/3k4/B7/R1P1Q3/8/7K/8 w - - 3 98
4,1/2-1/2,8/8/3k4/8/RBP1Q3/8/7K/8 b - - 4 98
4,1/2-1/2,8/2k5/8/8/RBP1Q3/8/7K/8 w - - 5 99
4,1/2-1/2,8/2k5/8/8/RBP5/3Q4/7K/8 b - - 6 99
4,1/2-1/2,1k6/8/8/8/RBP5/3Q4/7K/8 w - - 7 100
4,1/2-1/2,1k6/8/8/8/1BP5/R2Q4/7K/8 b - - 8 100
4,1/2-1/2,2k5/8/8/8/1BP5/R2Q4/7K/8 w - - 9 101
4,1/2-1/2,2k5/8/8/8/2P5/R2Q4/3B3K/8 b - - 10 101
4,1/2-1/2,8/1k6/8/8/2P5/R2Q4/3B3K/8 w - - 11 102
4,1/2-1/2,8/1k6/8/8/2P5/R6Q/3B3K/8 b - - 12 102
4,1/2-1/2,1k6/8/8/8/2P5/R6Q/3B3K/8 w - - 13 103
4,1/2-1/2,1k6/8/8/8/2P5/R7/3B3K/5Q2 b - - 14 103
4,1/2-1/2,8/2k5/8/8/2P5/R7/3B3K/5Q2 w - - 15 104
4,1/2-1/2,8/2k5/8/8/2P5/R7/3B3K/4Q3 b - - 16 104
4,1/2-1/2,8/8/1k6/8/2P5/R7/3B3K/4Q3 w - - 17 105
4,1/2-1/2,8/8/1k6/8/2P5/R7/3B3K/2Q5 b - - 18 105
4,1/2-1/2,8/2k5/8/8/2P5/R7/3B3K/2Q5 w - - 19 106
4,1/2-1/2,8/2k5/8/8/2P5/5R2/3B3K/2Q5 b - - 20 106
4,1/2-1/2,3k4/8/8/8/2P5/5R2/3B3K/2Q5 w - - 21 107
4,1/2-1/2,3k4/8/8/8/2P5/4R3/3B3K/2Q5 b - - 22 107
4,1/2-1/2,8/3k4/8/8/2P5/4R3/3B3K/2Q5 w - - 23 108
4,1/2-1/2,8/3k4/8/4R3/2P5/8/3B3K/2Q5 b - - 24 108
4,1/2-1/2,3k4/8/8/4R3/2P5/8/3B3K/2Q5 w - - 25 109
4,1/2-1/2,3k4/8/8/2P1R3/8/8/3B3K/2Q5 b - - 0 109
4,1/2-1/2,2k5/8/8/2P1R3/8/8/3B3K/2Q5 w - - 1 110
4,1/2-1/2,2k5/8/8/2P1R3/8/8/3B3K/5Q2 b - - 2 110
4,1/2-1/2,8/3k4/8/2P1R3/8/8/3B3K/5Q2 w - - 3 111
4,1/2-1/2,8/3k4/8/2P5/4R3/8/3B3K/5Q2 b - - 4 111
4,1/2-1/2,3k4/8/8/2P5/4R3/8/3B3K/5Q2 w - - 5 112
4,1/2-1/2,3k4/5Q2/8/2P5/4R3/8/3B3K/8 b - - 6 112
4,1/2-1/2,2k5/5Q2/8/2P5/4R3/8/3B3K/8 w - - 7 113
4,1/2-1/2,2k5/8/8/2P2Q2/4R3/8/3B3K/8 b - - 8 113
4,1/2-1/2,8/1k6/8/2P2Q2/4R3/8/3B3K/8 w - - 9 114
4,1/2-1/2,8/1k6/8/2P2Q2/4R3/2B5/7K/8 b - - 10 114
4,1/2-1/2,1k6/8/8/2P2Q2/4R3/2B5/7K/8 w - - 11 115
4,1/2-1/2,1k6/8/8/2P5/4R3/2B2Q2/7K/8 b - - 12 115
4,1/2-1/2,2k5/8/8/2P5/4R3/2B2Q2/7K/8 w - - 13 116
4,1/2-1/2,2k1R3/8/8/2P5/8/2B2Q2/7K/8 b - - 14 116
4,1/2-1/2,4R3/2k5/8/2P5/8/2B2Q2/7K/8 w - - 15 117
4,1/2-1/2,4R3/2k5/8/2P5/8/2B5/6QK/8 b - - 16 117
4,1/2-1/2,4R3/3k4/8/2P5/8/2B5/6QK/8 w - - 17 118
4,1/2-1/2,R7/3k4/8/2P5/8/2B5/6QK/8 b - - 18 118
4,1/2-1/2,R7/4k3/8/2P5/8/2B5/6QK/8 w - - 19 119
4,1/2-1/2,8/R3k3/8/2P5/8/2B5/6QK/8 b - - 20 119
4,1/2-1/2,3k4/R7/8/2P5/8/2B5/6QK/8 w - - 21 120
4,1/2-1/2,3k4/R7/8/2PQ4/8/2B5/7K/8 b - - 22 120
4,1/2-1/2,2k5/R7/8/2PQ4/8/2B5/7K/8 w - - 23 121
4,1/2-1/2,2k5/R7/8/2PQ4/8/8/7K/4B3 b - - 24 121
4,1/2-1/2,1k6/R7/8/2PQ4/8/8/7K/4B3 w - - 25 122
4,1/2-1/2,1k6/1R6/8/2PQ4/8/8/7K/4B3 b - - 26 122
4,1/2-1/2,k7/1R6/8/2PQ4/8/8/7K/4B3 w - - 27 123
4,1/2-1/2,k7/1R6/8/B1PQ4/8/8/7K/8 b - - 28 123
5,1/2-1/2,rnbqkbnr/pppppppp/8/8/8/8/PPPPPPPP/RNBQKBNR w KQkq - 0 1
5,1/2-1/2,rnbqkbnr/pppppppp/8/8/6P1/8/PPPPPP1P/RNBQKBNR b KQkq - 0 1
5,1/2-1/2,rnbqkbnr/1ppppppp/8/p7/6P1/8/PPPPPP1P/RNBQKBNR w KQkq - 0 2
5,1/2-1/2,rnbqkbnr/1ppppppp/8/p7/6P1/5P2/PPPPP2P/RNBQKBNR b KQkq - 0 2
5,1/2-1/2,rnbqkbnr/2pppppp/8/pp6/6P1/5P2/PPPPP2P/RNBQKBNR w KQkq - 0 3
5,1/2-1/2,rnbqkbnr/2pppppp/8/pp6/6P1/N4P2/PPPPP2P/R1BQKBNR b KQkq - 1 3
5,1/2-1/2,rnbqkb1r/2pppppp/5n2/pp6/6P1/N4P2/PPPPP2P/R1BQKBNR w KQkq - 2 4
5,1/2-1/2,rnbqkb1r/2pppppp/5n2/pN6/6P1/5P2/PPPPP2P/R1BQKBNR b KQkq - 0 4
5,1/2-1/2,rnbqkb1r/3ppppp/2p2n2/pN6/6P1/5P2/PPPPP2P/R1BQKBNR w KQkq - 0 5
5,1/2-1/2,rnbqkb1r/3ppppp/2p2n2/p7/6P1/N4P2/PPPPP2P/R1BQKBNR b KQkq - 1 5
5,1/2-1/2,rnbqkb1r/3p1ppp/2p1pn2/p7/6P1/N4P2/PPPPP2P/R1BQKBNR w KQkq - 0 6
5,1/2-1/2,rnbqkb1r/3p1ppp/2p1pn2/p5P1/8/N4P2/PPPPP2P/R1BQKBNR b KQkq - 0 6
5,1/2-1/2,rnbqkb1r/3p1ppp/2p1p3/p2n2P1/8/N4P2/PPPPP2P/R1BQKBNR w KQkq - 1 7
5,1/2-1/2,rnbqkb1r/3p1ppp/2p1p3/p2n2P1/4P3/N4P2/PPPP3P/R1BQKBNR b KQkq - 0 7
5,1/2-1/2,rnbqkb1r/3p1ppp/2p1p3/p5P1/4Pn2/N4P2/PPPP3P/R1BQKBNR w KQkq - 1 8
5,1/2-1/2,rnbqkb1r/3p1ppp/2p1p1P1/p7/4Pn2/N4P2/PPPP3P/R1BQKBNR b KQkq - 0 8
5,1/2-1/2,rnbqkb1r/3p1pp1/2p1p1p1/p7/4Pn2/N4P2/PPPP3P/R1BQKBNR w KQkq - 0 9
5,1/2-1/2,rnbqkb1r/3p1pp1/2p1p1p1/p7/2N1Pn2/5P2/PPPP3P/R1BQKBNR b KQkq - 1 9
5,1/2-1/2,rnb1kb1r/3p1pp1/2p1p1p1/p5q1/2N1Pn2/5P2/PPPP3P/R1BQKBNR w KQkq - 2 10
5,1/2-1/2,rnb1kb1r/3p1pp1/1Np1p1p1/p5q1/4Pn2/5P2/PPPP3P/R1BQKBNR b KQkq - 3 10
5,1/2-1/2,rnb1kb1r/3p1pp1/1Np1p1p1/p5q1/4P3/3n1P2/PPPP3P/R1BQKBNR w KQkq - 4 11
5,1/2-1/2,rnb1kb1r/3p1pp1/1Np1p1p1/p5q1/4P3/3B1P2/PPPP3P/R1BQK1NR b KQkq - 0 11
5,1/2-1/2,rnb1kb1r/3p1pp1/1Np1p1p1/p7/4P2q/3B1P2/PPPP3P/R1BQK1NR w KQkq - 1 12
5,1/2-1/2,rnb1kb1r/3p1pp1/1Np1p1p1/p7/4P2q/3B1P2/PPPP3P/R1BQ1KNR b kq - 2 12
5,1/2-1/2,1nb1kb1r/r2p1pp1/1Np1p1p1/p7/4P2q/3B1P2/PPPP3P/R1BQ1KNR w k - 3 13
5,1/2-1/2,1nN1kb1r/r2p1pp1/2p1p1p1/p7/4P2q/3B1P2/PPPP3P/R1BQ1KNR b k - 0 13
5,1/2-1/2,rnN1kb1r/3p1pp1/2p1p1p1/p7/4P2q/3B1P2/PPPP3P/R1BQ1KNR w k - 1 14
5,1/2-1/2,rn2kb1r/3p1pp1/1Np1p1p1/p7/4P2q/3B1P2/PPPP3P/R1BQ1KNR b k - 2 14
5,1/2-1/2,1n2kb1r/r2p1pp1/1Np1p1p1/p7/4P2q/3B1P2/PPPP3P/R1BQ1KNR w k - 3 15
5,1/2-1/2,1n2kb1r/r2p1pp1/1Np1p1p1/p7/4P2q/3B1P2/PPPP3P/R1B1QKNR b k - 4 15
5,1/2-1/2,1n2kb1r/r2p1pp1/1Np1p1pq/p7/4P3/3B1P2/PPPP3P/R1B1QKNR w k - 5 16
5,1/2-1/2,1n2kb1r/r2p1pp1/1Np1p1pq/p7/4P3/3B1P2/PPPP1Q1P/R1B2KNR b k - 6 16
5,1/2-1/2,1n2kb1r/r2p1pp1/1Np1p1p1/p5q1/4P3/3B1P2/PPPP1Q1P/R1B2KNR w k - 7 17
5,1/2-1/2,1n2kb1r/r2p1pp1/1Np1p1p1/p5q1/4P3/3BQP2/PPPP3P/R1B2KNR b k - 8 17
5,1/2-1/2,1n2kb1r/r2p1pp1/1Np1p1p1/p7/4P2q/3BQP2/PPPP3P/R1B2KNR w k - 9 18
5,1/2-1/2,1n2kb1r/r2p1pp1/1Np1p1p1/p7/4P2q/3BQP1P/PPPP4/R1B2KNR b k - 0 18
5,1/2-1/2,1n2kb1r/r4pp1/1Nppp1p1/p7/4P2q/3BQP1P/PPPP4/R1B2KNR w k - 0 19
5,1/2-1/2,1n2kb1r/r4pp1/1Nppp1p1/p3P3/7q/3BQP1P/PPPP4/R1B2KNR b k - 0 19
5,1/2-1/2,1n2kb1r/r4pp1/1Np1p1p1/p3p3/7q/3BQP1P/PPPP4/R1B2KNR w k - 0 20
5,1/2-1/2,1n2kb1r/r4pp1/1Np1p1p1/p3Q3/7q/3B1P1P/PPPP4/R1B2KNR b k - 0 20
5,1/2-1/2,1n1qkb1r/r4pp1/1Np1p1p1/p3Q3/8/3B1P1P/PPPP4/R1B2KNR w k - 1 21
5,1/2-1/2,1n1qkb1r/r4pp1/1Np1p1B1/p3Q3/8/5P1P/PPPP4/R1B2KNR b k - 0 21
5,1/2-1/2,1n1qkb1r/r5p1/1Np1p1p1/p3Q3/8/5P1P/PPPP4/R1B2KNR w k - 0 22
5,1/2-1/2,1n1qkb1r/r5p1/1Np1Q1p1/p7/8/5P1P/PPPP4/R1B2KNR b k - 0 22
5,1/2-1/2,1n1qkb1r/4r1p1/1Np1Q1p1/p7/8/5P1P/PPPP4/R1B2KNR w k - 1 23
5,1/2-1/2,1n1qkb1r/4r1p1/1Np3Q1/p7/8/5P1P/PPPP4/R1B2KNR b k - 0 23
5,1/2-1/2,1n1qkb1r/5rp1/1Np3Q1/p7/8/5P1P/PPPP4/R1B2KNR w k - 1 24
5,1/2-1/2,1n1qkb1r/5rp1/1Np5/p7/4Q3/5P1P/PPPP4/R1B2KNR b k - 2 24
5,1/2-1/2,1n1qk2r/4brp1/1Np5/p7/4Q3/5P1P/PPPP4/R1B2KNR w k - 3 25
5,1/2-1/2,1n1qk2r/4brp1/2p5/p7/N3Q3/5P1P/PPPP4/R1B2KNR b k - 4 25
5,1/2-1/2,1n1qk3/4brp1/2p5/p7/N3Q2r/5P1P/PPPP4/R1B2KNR w - - 5 26
5,1/2-1/2,1n1qk3/4brp1/2p5/p7/N6r/3Q1P1P/PPPP4/R1B2KNR b - - 6 26
5,1/2-1/2,1n1qk3/4brp1/2p5/p7/r7/3Q1P1P/PPPP4/R1B2KNR w - - 0 27
5,1/2-1/2,1n1qk3/4brp1/2p5/p7/r7/P2Q1P1P/1PPP4/R1B2KNR b - - 0 27
5,1/2-1/2,1nq1k3/4brp1/2p5/p7/r7/P2Q1P1P/1PPP4/R1B2KNR w - - 1 28
5,1/2-1/2,1nq1k3/4brpQ/2p5/p7/r7/P4P1P/1PPP4/R1B2KNR b - - 2 28
5,1/2-1/2,1n2k3/4brpQ/q1p5/p7/r7/P4P1P/1PPP4/R1B2KNR w - - 3 29
5,1/2-1/2,1n2k3/4brpQ/q1p5/p7/r7/P4P1P/1PPP2K1/R1B3NR b - - 4 29
5,1/2-1/2,1n6/3kbrpQ/q1p5/p7/r7/P4P1P/1PPP2K1/R1B3NR w - - 5 30
5,1/2-1/2,1n4Q1/3kbrp1/q1p5/p7/r7/P4P1P/1PPP2K1/R1B3NR b - - 6 30
5,1/2-1/2,1n3rQ1/3kb1p1/q1p5/p7/r7/P4P1P/1PPP2K1/R1B3NR w - - 7 31
5,1/2-1/2,1n3r2/3kb1Q1/q1p5/p7/r7/P4P1P/1PPP2K1/R1B3NR b - - 0 31
5,1/2-1/2,1n3r2/3kb1Q1/q1p5/p7/2r5/P4P1P/1PPP2K1/R1B3NR w - - 1 32
5,1/2-1/2,1n3r2/3kb1Q1/q1p5/p7/2r4P/P4P2/1PPP2K1/R1B3NR b - - 0 32
5,1/2-1/2,1n3r2/1q1kb1Q1/2p5/p7/2r4P/P4P2/1PPP2K1/R1B3NR w - - 1 33
5,1/2-1/2,1n3r2/1q1kb1Q1/2p5/p7/2r4P/P4P2/1PPP1K2/R1B3NR b - - 2 33
5,1/2-1/2,1n3r2/3kb1Q1/q1p5/p7/2r4P/P4P2/1PPP1K2/R1B3NR w - - 3 34
5,1/2-1/2,1n3r2/3kb1Q1/q1p5/p7/P1r4P/5P2/1PPP1K2/R1B3NR b - - 0 34
5,1/2-1/2,1nq2r2/3kb1Q1/2p5/p7/P1r4P/5P2/1PPP1K2/R1B3NR w - - 1 35
5,1/2-1/2,1nq2r2/3kb1Q1/2p5/p7/P1r4P/5P2/1PPPNK2/R1B4R b - - 2 35
5,1/2-1/2,1nq2r2/3kb1Q1/8/p1p5/P1r4P/5P2/1PPPNK2/R1B4R w - - 0 36
5,1/2-1/2,1nq2r2/3kb2Q/8/p1p5/P1r4P/5P2/1PPPNK2/R1B4R b - - 1 36
5,1/2-1/2,1n3r2/1q1kb2Q/8/p1p5/P1r4P/5P2/1PPPNK2/R1B4R w - - 2 37
5,1/2-1/2,1n3r2/1q1kb3/8/p1p5/P1r4P/3Q1P2/1PPPNK2/R1B4R b - - 3 37
5,1/2-1/2,1n3r2/1q1kb3/8/p1p5/P2r3P/3Q1P2/1PPPNK2/R1B4R w - - 4 38
5,1/2-1/2,1n3r2/1q1kb3/8/p1p5/P2N3P/3Q1P2/1PPP1K2/R1B4R b - - 0 38
5,1/2-1/2,1n3r2/1q1kb3/8/p7/P2p3P/3Q1P2/1PPP1K2/R1B4R w - - 0 39
5,1/2-1/2,1n3r2/1q1kb3/8/p7/P2Q3P/5P2/1PPP1K2/R1B4R b - - 0 39
5,1/2-1/2,1n2kr2/1q2b3/8/p7/P2Q3P/5P2/1PPP1K2/R1B4R w - - 1 40
5,1/2-1/2,1n2kr2/1q2b3/8/p7/P2Q3P/5P1R/1PPP1K2/R1B5 b - - 2 40
5,1/2-1/2,qn2kr2/4b3/8/p7/P2Q3P/5P1R/1PPP1K2/R1B5 w - - 3 41
5,1/2-1/2,qn2kr2/4b3/8/p7/P2Q3P/5P1R/1PPP2K1/R1B5 b - - 4 41
5,1/2-1/2,1n2kr2/4b3/q7/p7/P2Q3P/5P1R/1PPP2K1/R1B5 w - - 5 42
5,1/2-1/2,1n2kr2/4b3/q7/p7/P6P/2Q2P1R/1PPP2K1/R1B5 b - - 6 42
5,1/2-1/2,1n2k1r1/4b3/q7/p7/P6P/2Q2P1R/1PPP2K1/R1B5 w - - 7 43
5,1/2-1/2,1n2k1r1/4b3/q7/p7/P6P/2Q2P1R/1PPP1K2/R1B5 b - - 8 43
5,1/2-1/2,1n2k1r1/4b3/4q3/p7/P6P/2Q2P1R/1PPP1K2/R1B5 w - - 9 44
5,1/2-1/2,1n2k1r1/4b3/4q3/p7/P6P/2Q2P2/1PPP1K1R/R1B5 b - - 10 44
5,1/2-1/2,1n2k1r1/4b3/1q6/p7/P6P/2Q2P2/1PPP1K1R/R1B5 w - - 11 45
5,1/2-1/2,1n2k1r1/4b3/1q6/p7/P6P/2Q2P2/1PPPK2R/R1B5 b - - 12 45
5,1/2-1/2,1n1qk1r1/4b3/8/p7/P6P/2Q2P2/1PPPK2R/R1B5 w - - 13 46
5,1/2-1/2,1n1qk1r1/4b3/8/p3Q3/P6P/5P2/1PPPK2R/R1B5 b - - 14 46
5,1/2-1/2,3qk1r1/4b3/2n5/p3Q3/P6P/5P2/1PPPK2R/R1B5 w - - 15 47
5,1/2-1/2,3qk1r1/4b3/2n5/p6Q/P6P/5P2/1PPPK2R/R1B5 b - - 16 47
5,1/2-1/2,3q1kr1/4b3/2n5/p6Q/P6P/5P2/1PPPK2R/R1B5 w - - 17 48
5,1/2-1/2,3q1kr1/4b3/2n4Q/p7/P6P/5P2/1PPPK2R/R1B5 b - - 18 48
5,1/2-1/2,3q1k2/4b1r1/2n4Q/p7/P6P/5P2/1PPPK2R/R1B5 w - - 19 49
5,1/2-1/2,3q1k2/4b1r1/2Q5/p7/P6P/5P2/1PPPK2R/R1B5 b - - 0 49
5,1/2-1/2,3q1k2/6r1/2Qb4/p7/P6P/5P2/1PPPK2R/R1B5 w - - 1 50
5,1/2-1/2,3q1k2/6r1/2Qb4/p7/P6P/5P2/1PPPK3/R1B4R b - - 2 50
5,1/2-1/2,3q1k2/5r2/2Qb4/p7/P6P/5P2/1PPPK3/R1B4R w - - 3 51
5,1/2-1/2,3q1k2/5r2/2Qb4/p7/P6P/5P2/1PPPK3/R1B3R1 b - - 4 51
5,1/2-1/2,1q3k2/5r2/2Qb4/p7/P6P/5P2/1PPPK3/R1B3R1 w - - 5 52
5,1/2-1/2,1q3k2/5r2/3b4/p2Q4/P6P/5P2/1PPPK3/R1B3R1 b - - 6 52
5,1/2-1/2,3q1k2/5r2/3b4/p2Q4/P6P/5P2/1PPPK3/R1B3R1 w - - 7 53
5,1/2-1/2,3q1k2/5r2/3b4/p2Q4/P6P/5P2/1PPP4/R1BK2R1 b - - 8 53
5,1/2-1/2,3q1k2/8/3b1r2/p2Q4/P6P/5P2/1PPP4/R1BK2R1 w - - 9 54
5,1/2-1/2,3q1kR1/8/3b1r2/p2Q4/P6P/5P2/1PPP4/R1BK4 b - - 10 54
5,1/2-1/2,3q2R1/4k3/3b1r2/p2Q4/P6P/5P2/1PPP4/R1BK4 w - - 11 55
5,1/2-1/2,3R4/4k3/3b1r2/p2Q4/P6P/5P2/1PPP4/R1BK4 b - - 0 55
5,1/2-1/2,3k4/8/3b1r2/p2Q4/P6P/5P2/1PPP4/R1BK4 w - - 0 56
5,1/2-1/2,3k4/8/3b1r2/Q7/P6P/5P2/1PPP4/R1BK4 b - - 0 56
5,1/2-1/2,2k5/8/3b1r2/Q7/P6P/5P2/1PPP4/R1BK4 w - - 1 57
5,1/2-1/2,2k5/8/3b1r2/8/P6P/2Q2P2/1PPP4/R1BK4 b - - 2 57
5,1/2-1/2,8/3k4/3b1r2/8/P6P/2Q2P2/1PPP4/R1BK4 w - - 3 58
5,1/2-1/2,8/3k4/3b1Q2/8/P6P/5P2/1PPP4/R1BK4 b - - 0 58
5,1/2-1/2,8/3k4/5Q2/8/Pb5P/5P2/1PPP4/R1BK4 w - - 1 59
5,1/2-1/2,8/3k4/5Q2/8/Pb5P/5P2/1PPP4/1RBK4 b - - 2 59
5,1/2-1/2,8/3k4/5Q2/b7/P6P/5P2/1PPP4/1RBK4 w - - 3 60
5,1/2-1/2,8/3k4/8/b4Q2/P6P/5P2/1PPP4/1RBK4 b - - 4 60
5,1/2-1/2,8/4k3/8/b4Q2/P6P/5P2/1PPP4/1RBK4 w - - 5 61
5,1/2-1/2,8/4k3/8/Q7/P6P/5P2/1PPP4/1RBK4 b - - 0 61
5,1/2-1/2,8/8/4k3/Q7/P6P/5P2/1PPP4/1RBK4 w - - 1 62
5,1/2-1/2,8/8/4k3/6Q1/P6P/5P2/1PPP4/1RBK4 b - - 2 62
5,1/2-1/2,8/5k2/8/6Q1/P6P/5P2/1PPP4/1RBK4 w - - 3 63
5,1/2-1/2,3Q4/5k2/8/8/P6P/5P2/1PPP4/1RBK4 b - - 4 63
5,1/2-1/2,3Q4/8/4k3/8/P6P/5P2/1PPP4/1RBK4 w - - 5 64
5,1/2-1/2,8/8/4k3/Q7/P6P/5P2/1PPP4/1RBK4 b - - 6 64
5,1/2-1/2,8/8/5k2/Q7/P6P/5P2/1PPP4/1RBK4 w - - 7 65
5,1/2-1/2,Q7/8/5k2/8/P6P/5P2/1PPP4/1RBK4 b - - 8 65
5,1/2-1/2,Q7/8/6k1/8/P6P/5P2/1PPP4/1RBK4 w - - 9 66
5,1/2-1/2,3Q4/8/6k1/8/P6P/5P2/1PPP4/1RBK4 b - - 10 66
5,1/2-1/2,3Q4/8/7k/8/P6P/5P2/1PPP4/1RBK4 w - - 11 67
5,1/2-1/2,8/8/7k/8/P6P/3Q1P2/1PPP4/1RBK4 b - - 12 67
5,1/2-1/2,8/8/8/7k/P6P/3Q1P2/1PPP4/1RBK4 w - - 13 68
5,1/2-1/2,8/8/8/7k/P1Q4P/5P2/1PPP4/1RBK4 b - - 14 68
5,1/2-1/2,8/8/7k/8/P1Q4P/5P2/1PPP4/1RBK4 w - - 15 69
5,1/2-1/2,8/8/7k/8/P1QP3P/5P2/1PP5/1RBK4 b - - 0 69
5,1/2-1/2,8/7k/8/8/P1QP3P/5P2/1PP5/1RBK4 w - - 1 70
5,1/2-1/2,8/7k/8/8/PPQP3P/5P2/2P5/1RBK4 b - - 0 70
5,1/2-1/2,8/8/6k1/8/PPQP3P/5P2/2P5/1RBK4 w - - 1 71
5,1/2-1/2,8/8/6k1/8/PP1P3P/5P2/2P1Q3/1RBK4 b - - 2 71
5,1/2-1/2,8/8/8/5k2/PP1P3P/5P2/2P1Q3/1RBK4 w - - 3 72
5,1/2-1/2,8/8/8/5k2/PP1P3P/4QP2/2P5/1RBK4 b - - 4 72
5,1/2-1/2,8/8/6k1/8/PP1P3P/4QP2/2P5/1RBK4 w - - 5 73
5,1/2-1/2,8/8/6k1/8/PP1P3P/5P2/2P5/1RBK2Q1 b - - 6 73
5,1/2-1/2,8/7k/8/8/PP1P3P/5P2/2P5/1RBK2Q1 w - - 7 74
5,1/2-1/2,8/7k/8/8/PP1P3P/4QP2/2P5/1RBK4 b - - 8 74
5,1/2-1/2,7k/8/8/8/PP1P3P/4QP2/2P5/1RBK4 w - - 9 75
5,1/2-1/2,7k/8/8/8/PP1P3P/4QP2/2P5/R1BK4 b - - 10 75
5,1/2-1/2,6k1/8/8/8/PP1P3P/4QP2/2P5/R1BK4 w - - 11 76
5,1/2-1/2,6k1/8/8/8/PP1P3P/5P2/2P5/R1BKQ3 b - - 12 76
5,1/2-1/2,8/7k/8/8/PP1P3P/5P2/2P5/R1BKQ3 w - - 13 77
5,1/2-1/2,8/7k/8/8/PP1P3P/5P2/2P2Q2/R1BK4 b - - 14 77
5,1/2-1/2,8/8/6k1/8/PP1P3P/5P2/2P2Q2/R1BK4 w - - 15 78
5,1/2-1/2,8/8/6k1/8/PP1P3P/4BP2/2P2Q2/R2K4 b - - 16 78
5,1/2-1/2,8/5k2/8/8/PP1P3P/4BP2/2P2Q2/R2K4 w - - 17 79
5,1/2-1/2,8/5k2/8/8/PP1P3P/4BPQ1/2P5/R2K4 b - - 18 79
5,1/2-1/2,8/8/4k3/8/PP1P3P/4BPQ1/2P5/R2K4 w - - 19 80
5,1/2-1/2,8/8/4k3/8/PP1P3P/4BP2/2P5/R2KQ3 b - - 20 80
5,1/2-1/2,8/8/8/3k4/PP1P3P/4BP2/2P5/R2KQ3 w - - 21 81
5,1/2-1/2,8/8/8/3k4/PP1P1P1P/4B3/2P5/R2KQ3 b - - 0 81
5,1/2-1/2,8/8/4k3/8/PP1P1P1P/4B3/2P5/R2KQ3 w - - 1 82
5,1/2-1/2,8/8/4k3/P7/1P1P1P1P/4B3/2P5/R2KQ3 b - - 0 82
5,1/2-1/2,8/5k2/8/P7/1P1P1P1P/4B3/2P5/R2KQ3 w - - 1 83
5,1/2-1/2,8/5k2/8/P7/1P1P1P1P/4B3/2P2Q2/R2K4 b - - 2 83
5,1/2-1/2,5k2/8/8/P7/1P1P1P1P/4B3/2P2Q2/R2K4 w - - 3 84
5,1/2-1/2,5k2/8/8/P7/1PPP1P1P/4B3/5Q2/R2K4 b - - 0 84
5,1/2-1/2,6k1/8/8/P7/1PPP1P1P/4B3/5Q2/R2K4 w - - 1 85
5,1/2-1/2,6k1/8/8/P7/1PPP1P1P/8/5Q2/R1BK4 b - - 2 85
5,1/2-1/2,5k2/8/8/P7/1PPP1P1P/8/5Q2/R1BK4 w - - 3 86
5,1/2-1/2,5k2/8/8/PP6/2PP1P1P/8/5Q2/R1BK4 b - - 0 86
5,1/2-1/2,6k1/8/8/PP6/2PP1P1P/8/5Q2/R1BK4 w - - 1 87
5,1/2-1/2,6k1/8/8/PP6/R1PP1P1P/8/5Q2/2BK4 b - - 2 87
5,1/2-1/2,8/7k/8/PP6/R1PP1P1P/8/5Q2/2BK4 w - - 3 88
5,1/2-1/2,8/7k/8/PP6/R1PP1P1P/4B3/5Q2/3K4 b - - 4 88
5,1/2-1/2,8/8/6k1/PP6/R1PP1P1P/4B3/5Q2/3K4 w - - 5 89
5,1/2-1/2,8/8/6k1/PP6/R1PP1P1P/4B1Q1/8/3K4 b - - 6 89
5,1/2-1/2,8/8/7k/PP6/R1PP1P1P/4B1Q1/8/3K4 w - - 7 90
5,1/2-1/2,8/8/7k/PP6/R1PP1P1P/4B1Q1/2K5/8 b - - 8 90
5,1/2-1/2,8/8/8/PP5k/R1PP1P1P/4B1Q1/2K5/8 w - - 9 91
5,1/2-1/2,8/8/8/PP5k/R1PP1P1P/6Q1/2KB4/8 b - - 10 91
5,1/2-1/2,8/8/7k/PP6/R1PP1P1P/6Q1/2KB4/8 w - - 11 92
5,1/2-1/2,8/8/7k/PP6/R1PP1P1P/5Q2/2KB4/8 b - - 12 92
5,1/2-1/2,8/6k1/8/PP6/R1PP1P1P/5Q2/2KB4/8 w - - 13 93
5,1/2-1/2,8/6k1/1P6/P7/R1PP1P1P/5Q2/2KB4/8 b - - 0 93
5,1/2-1/2,6k1/8/1P6/P7/R1PP1P1P/5Q2/2KB4/8 w - - 1 94
5,1/2-1/2,6k1/1P6/8/P7/R1PP1P1P/5Q2/2KB4/8 b - - 0 94
5,1/2-1/2,8/1P5k/8/P7/R1PP1P1P/5Q2/2KB4/8 w - - 1 95
5,1/2-1/2,8/1P5k/8/P7/R1PP1P1P/8/2KB4/3Q4 b - - 2 95
5,1/2-1/2,8/1P4k1/8/P7/R1PP1P1P/8/2KB4/3Q4 w - - 3 96
5,1/2-1/2,8/1P4k1/8/P7/R1PP1P1P/2K5/3B4/3Q4 b - - 4 96
5,1/2-1/2,8/1P6/5k2/P7/R1PP1P1P/2K5/3B4/3Q4 w - - 5 97
5,1/2-1/2,8/1P6/5k2/P7/R1PP1P1P/8/2KB4/3Q4 b - - 6 97
5,1/2-1/2,8/1P6/4k3/P7/R1PP1P1P/8/2KB4/3Q4 w - - 7 98
5,1/2-1/2,8/1P6/4k3/P7/R1PP1P1P/8/2KB4/2Q5 b - - 8 98
5,1/2-1/2,8/1P6/8/P4k2/R1PP1P1P/8/2KB4/2Q5 w - - 9 99
5,1/2-1/2,8/1P6/8/P4k2/R1PP1P1P/8/2KB4/6Q1 b - - 10 99
5,1/2-1/2,8/1P6/5k2/P7/R1PP1P1P/8/2KB4/6Q1 w - - 11 100
5,1/2-1/2,8/1P6/5k2/P5Q1/R1PP1P1P/8/2KB4/8 b - - 12 100
5,1/2-1/2,8/1P6/4k3/P5Q1/R1PP1P1P/8/2KB4/8 w - - 13 101
5,1/2-1/2,8/1P6/4k3/P1P3Q1/R2P1P1P/8/2KB4/8 b - - 0 101
5,1/2-1/2,8/1P3k2/8/P1P3Q1/R2P1P1P/8/2KB4/8 w - - 1 102
5,1/2-1/2,8/1P3k2/8/P1P3Q1/R2P1P1P/2B5/2K5/8 b - - 2 102
5,1/2-1/2,4k3/1P6/8/P1P3Q1/R2P1P1P/2B5/2K5/8 w - - 3 103
5,1/2-1/2,4k3/1P6/7Q/P1P5/R2P1P1P/2B5/2K5/8 b - - 4 103
5,1/2-1/2,8/1P3k2/7Q/P1P5/R2P1P1P/2B5/2K5/8 w - - 5 104
5,1/2-1/2,8/1P3k2/7Q/P1P5/3P1P1P/R1B5/2K5/8 b - - 6 104
5,1/2-1/2,8/1P2k3/7Q/P1P5/3P1P1P/R1B5/2K5/8 w - - 7 105
5,1/2-1/2,8/1P2k3/7Q/P1P5/3P1P1P/R7/2K5/B7 b - - 8 105
5,1/2-1/2,8/1P3k2/7Q/P1P5/3P1P1P/R7/2K5/B7 w - - 9 106
5,1/2-1/2,8/1P3k2/7Q/P1P5/R2P1P1P/8/2K5/B7 b - - 10 106
5,1/2-1/2,8/1P2k3/7Q/P1P5/R2P1P1P/8/2K5/B7 w - - 11 107
5,1/2-1/2,1Q6/4k3/7Q/P1P5/R2P1P1P/8/2K5/B7 b - - 0 107
5,1/2-1/2,1Q6/3k4/7Q/P1P5/R2P1P1P/8/2K5/B7 w - - 1 108
5,1/2-1/2,1Q6/3k3Q/8/P1P5/R2P1P1P/8/2K5/B7 b - - 2 108
5,1/2-1/2,1Q6/7Q/4k3/P1P5/R2P1P1P/8/2K5/B7 w - - 3 109
5,1/2-1/2,1Q6/8/4k3/P1P4Q/R2P1P1P/8/2K5/B7 b - - 4 109
5,1/2-1/2,1Q6/8/5k2/P1P4Q/R2P1P1P/8/2K5/B7 w - - 5 110
5,1/2-1/2,Q7/8/5k2/P1P4Q/R2P1P1P/8/2K5/B7 b - - 6 110
5,1/2-1/2,Q7/6k1/8/P1P4Q/R2P1P1P/8/2K5/B7 w - - 7 111
5,1/2-1/2,8/1Q4k1/8/P1P4Q/R2P1P1P/8/2K5/B7 b - - 8 111
5,1/2-1/2,5k2/1Q6/8/P1P4Q/R2P1P1P/8/2K5/B7 w - - 9 112
5,1/2-1/2,5k2/8/8/P1P4Q/R2P1P1P/8/2K5/B6Q b - - 10 112
5,1/2-1/2,8/4k3/8/P1P4Q/R2P1P1P/8/2K5/B6Q w - - 11 113
5,1/2-1/2,8/4k3/8/P1P5/R2P1P1P/8/2K1Q3/B6Q b - - 12 113
5,1/2-1/2,8/5k2/8/P1P5/R2P1P1P/8/2K1Q3/B6Q w - - 13 114
5,1/2-1/2,8/5k2/Q7/P1P5/R2P1P1P/8/2K5/B6Q b - - 14 114
5,1/2-1/2,8/4k3/Q7/P1P5/R2P1P1P/8/2K5/B6Q w - - 15 115
5,1/2-1/2,8/4k3/Q7/P1P5/R2P1P1P/8/2K5/B2Q4 b - - 16 115
5,1/2-1/2,5k2/8/Q7/P1P5/R2P1P1P/8/2K5/B2Q4 w - - 17 116
5,1/2-1/2,5k2/8/Q7/P1P5/3P1P1P/R7/2K5/B2Q4 b - - 18 116
5,1/2-1/2,6k1/8/Q7/P1P5/3P1P1P/R7/2K5/B2Q4 w - - 19 117
5,1/2-1/2,6k1/8/Q7/P1P5/R2P1P1P/8/2K5/B2Q4 b - - 20 117
5,1/2-1/2,5k2/8/Q7/P1P5/R2P1P1P/8/2K5/B2Q4 w - - 21 118
5,1/2-1/2,5k2/8/Q7/P1P5/R2P1P1P/1K6/8/B2Q4 b - - 22 118
5,1/2-1/2,8/5k2/Q7/P1P5/R2P1P1P/1K6/8/B2Q4 w - - 23 119
5,1/2-1/2,2Q5/5k2/8/P1P5/R2P1P1P/1K6/8/B2Q4 b - - 24 119
5,1/2-1/2,2Q5/4k3/8/P1P5/R2P1P1P/1K6/8/B2Q4 w - - 25 120
5,1/2-1/2,2Q5/4k3/8/P1P5/R2P1P1P/1K3Q2/8/B7 b - - 26 120
5,1/2-1/2,2Q5/8/5k2/P1P5/R2P1P1P/1K3Q2/8/B7 w - - 27 121
5,1/2-1/2,2Q5/8/5k2/P1P5/R2P1P1P/1KQ5/8/B7 b - - 28 121
5,1/2-1/2,2Q5/6k1/8/P1P5/R2P1P1P/1KQ5/8/B7 w - - 29 122
5,1/2-1/2,2Q5/6k1/8/P1P5/R2P1P1P/1K4Q1/8/B7 b - - 30 122
5,1/2-1/2,2Q5/8/5k2/P1P5/R2P1P1P/1K4Q1/8/B7 w - - 31 123
5,1/2-1/2,2Q5/8/5k2/P1P5/R2P1PQP/1K6/8/B7 b - - 32 123
5,1/2-1/2,2Q5/4k3/8/P1P5/R2P1PQP/1K6/8/B7 w - - 33 124
5,1/2-1/2,2Q5/3Qk3/8/P1P5/R2P1P1P/1K6/8/B7 b - - 34 124
5,1/2-1/2,2Q5/3Q4/5k2/P1P5/R2P1P1P/1K6/8/B7 w - - 35 125
5,1/2-1/2,8/2QQ4/5k2/P1P5/R2P1P1P/1K6/8/B7 b - - 36 125
5,1/2-1/2,8/2QQ4/6k1/P1P5/R2P1P1P/1K6/8/B7 w - - 37 126
5,1/2-1/2,8/2QQ4/6k1/P1P5/R2P1P1P/1KB5/8/8 b - - 38 126
5,1/2-1/2,8/2QQ4/8/P1P4k/R2P1P1P/1KB5/8/8 w - - 39 127
5,1/2-1/2,8/2QQ4/8/P1P4k/R2P1P1P/1K6/8/4B3 b - - 40 127
5,1/2-1/2,8/2QQ4/7k/P1P5/R2P1P1P/1K6/8/4B3 w - - 41 128
5,1/2-1/2,3Q4/2Q5/7k/P1P5/R2P1P1P/1K6/8/4B3 b - - 42 128
5,1/2-1/2,3Q4/2Q5/8/P1P4k/R2P1P1P/1K6/8/4B3 w - - 43 129
5,1/2-1/2,2QQ4/8/8/P1P4k/R2P1P1P/1K6/8/4B3 b - - 44 129
5,1/2-1/2,2QQ4/8/7k/P1P5/R2P1P1P/1K6/8/4B3 w - - 45 130
5,1/2-1/2,2Q5/8/1Q5k/P1P5/R2P1P1P/1K6/8/4B3 b - - 46 130
5,1/2-1/2,2Q5/7k/1Q6/P1P5/R2P1P1P/1K6/8/4B3 w - - 47 131
5,1/2-1/2,2QQ4/7k/8/P1P5/R2P1P1P/1K6/8/4B3 b - - 48 131
5,1/2-1/2,2QQ4/8/6k1/P1P5/R2P1P1P/1K6/8/4B3 w - - 49 132
5,1/2-1/2,2QQ4/8/6k1/P1P5/3P1P1P/1K6/R7/4B3 b - - 50 132
5,1/2-1/2,2QQ4/5k2/8/P1P5/3P1P1P/1K6/R7/4B3 w - - 51 133
5,1/2-1/2,2QQ4/5k2/8/P1P5/3P1P1P/1K6/5R2/4B3 b - - 52 133
5,1/2-1/2,2QQ4/8/6k1/P1P5/3P1P1P/1K6/5R2/4B3 w - - 53 134
5,1/2-1/2,2QQ4/8/6k1/P1P5/3P1P1P/1K3R2/8/4B3 b - - 54 134
5,1/2-1/2,2QQ4/8/7k/P1P5/3P1P1P/1K3R2/8/4B3 w - - 55 135
5,1/2-1/2,2QQ4/8/7k/P1P5/3P1P1P/1K6/8/4BR2 b - - 56 135
5,1/2-1/2,2QQ4/6k1/8/P1P5/3P1P1P/1K6/8/4BR2 w - - 57 136
5,1/2-1/2,2QQ4/6k1/8/P1P5/3P1P1P/K7/8/4BR2 b - - 58 136
5,1/2-1/2,2QQ4/8/6k1/P1P5/3P1P1P/K7/8/4BR2 w - - 59 137
5,1/2-1/2,2QQ4/8/6k1/P1P5/3P1P1P/K1B5/8/5R2 b - - 60 137
5,1/2-1/2,2QQ4/6k1/8/P1P5/3P1P1P/K1B5/8/5R2 w - - 61 138
5,1/2-1/2,2QQ4/6k1/8/P1P5/3P1P1P/K1B5/8/6R1 b - - 62 138
5,1/2-1/2,2QQ4/5k2/8/P1P5/3P1P1P/K1B5/8/6R1 w - - 63 139
5,1/2-1/2,2QQ4/5k2/8/P1P4P/3P1P2/K1B5/8/6R1 b - - 0 139
